,Milage,fuel_type,central_locking,Boot space,Displacement,seat_capacity,cylinders,gears,Fuel_capacity,car_name,price,Rating,Brand
0,16.8,Petrol,No,525.0,796.0,5.0,3.0,4.0,35.0,Maruti Suzuki Omni,282778,3.25,Maruti
1,22.05,Petrol,No,409.5,796.0,5.0,3.0,5.0,35.0,Maruti Suzuki Alto,294800,3.25,Maruti
2,15.0,Petrol,No,400.0,1196.0,5.0,4.0,5.0,40.0,Maruti Suzuki Eeco,352136,3.25,Maruti
3,23.7,Petrol,No,177.0,796.0,5.0,3.0,5.0,35.0,Maruti Suzuki Alto 800 Tour,354235,2.75,Maruti
4,24.07,Petrol,No,177.0,998.0,5.0,3.0,5.0,35.0,Maruti Suzuki Alto K10,377588,3.5,Maruti
5,21.4,Petrol,No,409.5,998.0,5.0,3.0,5.0,27.0,Maruti Suzuki S-Presso,370500,4.0,Maruti
6,23.1,Petrol,No,235.0,998.0,5.0,3.0,5.0,35.0,Maruti Suzuki Celerio Tour,422444,2.75,Maruti
7,23.1,Petrol,No,235.0,998.0,5.0,3.0,5.0,35.0,Maruti Suzuki Celerio,426289,3.5,Maruti
8,22.5,Petrol,Yes,341.0,998.0,5.0,3.0,5.0,32.0,Maruti Suzuki Wagon R,479000,4.0,Maruti
9,23.1,Petrol,Yes,235.0,998.0,5.0,3.0,5.0,35.0,Maruti Suzuki Celerio X ,481074,4.75,Maruti
10,20.89,Petrol,Yes,260.0,1197.0,5.0,4.0,5.0,32.0,Maruti Suzuki Ignis,713898,3.75,Maruti
11,20.4,Petrol,No,268.0,1197.0,5.0,4.0,5.0,37.0,Maruti Suzuki Swift,519000,3.25,Maruti
12,28.4,Diesel,Yes,320.0,1248.0,5.0,4.0,5.0,42.0,Maruti Suzuki Dzire Tour,653523,3.0,Maruti
13,27.39,Diesel,Yes,339.0,1248.0,5.0,4.0,5.0,37.0,Maruti Suzuki Baleno,746621,3.25,Maruti
14,22.0,Petrol,No,378.0,1197.0,5.0,4.0,5.0,37.0,Maruti Suzuki Dzire,582613,3.5,Maruti
15,11.9,Petrol,No,350.0,1298.0,8.0,4.0,5.0,40.0,Maruti Suzuki Gypsy,637343,3.25,Maruti
16,19.34,Petrol,Yes,209.0,1462.0,7.0,4.0,5.0,45.0,Maruti Suzuki Ertiga,759000,4.0,Maruti
17,24.3,Diesel,Yes,328.0,1248.0,5.0,4.0,5.0,48.0,Maruti Suzuki Vitara Brezza,762742,3.5,Maruti
18,21.4,Petrol,Yes,339.0,998.0,5.0,3.0,5.0,37.0,Maruti Suzuki Baleno RS,788913,3.75,Maruti
19,28.09,Diesel,Yes,510.0,1248.0,5.0,4.0,5.0,43.0,Maruti Suzuki Ciaz,1102689,3.5,Maruti
20,23.65,Diesel,Yes,375.0,1248.0,5.0,4.0,5.0,48.0,Maruti Suzuki S-Cross,880689,4.0,Maruti
21,19.01,Petrol,Yes,209.0,1462.0,6.0,4.0,5.0,45.0,Maruti Suzuki XL6,984689,4.0,Maruti
22,20.3,Petrol,No,409.5,1086.0,5.0,4.0,5.0,35.0,Hyundai Santro,429990,3.5,Hyundai
23,18.9,Petrol,Yes,256.0,1197.0,5.0,4.0,5.0,43.0,Hyundai Grand i10,586428,3.75,Hyundai
24,16.8,CNG + Petrol,Yes,407.0,1197.0,5.0,4.0,5.0,43.0,Hyundai Xcent Prime,556130,2.75,Hyundai
25,18.9,Petrol,Yes,256.0,1197.0,5.0,4.0,5.0,43.0,Hyundai Grand i10,586428,3.75,Hyundai
26,18.6,Petrol,Yes,285.0,1197.0,5.0,4.0,5.0,45.0,Hyundai Elite i20,559693,4.5,Hyundai
27,20.5,Petrol,No,409.5,1197.0,5.0,4.0,5.0,37.0,Hyundai Aura,579900,4.5,Hyundai
28,20.14,Petrol,Yes,407.0,1197.0,5.0,4.0,5.0,43.0,Hyundai Xcent,643769,4.0,Hyundai
29,18.9,Petrol,Yes,256.0,1197.0,5.0,4.0,5.0,43.0,Hyundai Grand i10,586428,3.75,Hyundai
30,17.52,Petrol,Yes,350.0,1197.0,5.0,4.0,5.0,45.0,Hyundai Venue,655000,4.5,Hyundai
31,17.19,Petrol,Yes,285.0,1197.0,5.0,4.0,6.0,40.0,Hyundai i20 Active,774035,4.5,Hyundai
32,17.7,Petrol,Yes,465.0,1591.0,5.0,4.0,6.0,45.0,Hyundai Verna,999900,4.0,Hyundai
33,21.38,Diesel,Yes,475.0,1396.0,5.0,4.0,5.0,55.0,Hyundai Creta,999990,4.25,Hyundai
34,14.6,Petrol,Yes,409.5,1999.0,5.0,4.0,6.0,50.0,Hyundai Elantra,1589000,4.5,Hyundai
35,18.42,Diesel,Yes,409.5,1995.0,5.0,4.0,5.0,62.0,Hyundai Tucson,2079717,4.0,Hyundai
36,462.0,Electric,Yes,409.5,1969.0,4.0,4.0,5.0,35.0,Hyundai Kona Electric,2371858,4.75,Hyundai
37,19.0,Petrol,Yes,420.0,1199.0,5.0,4.0,7.0,40.0,Honda Amaze,763000,4.0,Honda
38,18.2,Petrol,Yes,354.0,1199.0,5.0,4.0,7.0,40.0,Honda Jazz,745000,4.5,Honda
39,25.5,Diesel,Yes,363.0,1498.0,5.0,4.0,5.0,42.0,Honda WR-V,1035000,4.0,Honda
40,15.4,Petrol,Yes,223.0,1497.0,7.0,4.0,7.0,40.0,Honda BRV,952900,4.25,Honda
41,17.4,Petrol,Yes,510.0,1497.0,5.0,4.0,7.0,47.0,Honda City,991000,3.75,Honda
42,16.5,Petrol,Yes,430.0,1799.0,5.0,4.0,5.0,57.0,Honda Civic,1793900,4.5,Honda
43,14.4,Petrol,Yes,522.0,1997.0,5.0,4.0,5.0,60.0,Honda CR-V,2827001,5.0,Honda
44,23.1,Hybrid,Yes,400.0,1993.0,5.0,4.0,5.0,45.0,Honda Accord Hybrid,4321237,3.75,Honda
45,18.16,Petrol,No,251.0,1197.0,5.0,4.0,5.0,45.0,Toyota Etios Liva,520300,3.5,Toyota
46,16.78,Petrol,Yes,592.0,1496.0,5.0,4.0,5.0,45.0,Toyota Platinum Etios,627100,3.5,Toyota
47,16.78,Petrol,Yes,251.0,1496.0,5.0,4.0,6.0,37.0,Toyota Etios Cross,802000,3.75,Toyota
48,23.87,Petrol,Yes,339.0,1197.0,5.0,4.0,5.0,42.0,Toyota Glanza ,721900,3.25,Toyota
49,17.1,Petrol,Yes,476.0,1496.0,5.0,4.0,6.0,55.0,Toyota Yaris,940000,4.5,Toyota
50,15.4,Diesel,Yes,409.5,2393.0,7.0,4.0,5.0,55.0,Toyota Innova Crysta,1605000,3.5,Toyota
51,16.7,Petrol,Yes,470.0,1798.0,5.0,4.0,5.0,80.0,Toyota Corolla Altis,1645000,3.5,Toyota
52,12.9,Diesel,Yes,296.0,2755.0,7.0,8.0,6.0,50.0,Toyota Fortuner,3205000,3.75,Toyota
53,23.2,Hybrid,Yes,409.5,2487.0,5.0,8.0,6.0,43.0,Toyota Camry,3788000,4.75,Toyota
54,23.9,Hybrid,Yes,409.5,1798.0,5.0,4.0,5.0,93.0,Toyota Prius,4509000,4.25,Toyota
55,9.0,Diesel,Yes,621.0,4461.0,7.0,3.0,5.0,93.0,Toyota Land Cruiser,14699000,4.0,Toyota
56,9.0,Diesel,Yes,621.0,4461.0,7.0,4.0,5.0,50.0,Toyota Land Cruiser,14699000,4.0,Toyota
57,20.08,Diesel,No,330.0,1461.0,5.0,4.0,5.0,35.0,Mahindra Verito Vibe,657628,3.5,Mahindra
58,18.15,Petrol,No,243.0,1198.0,6.0,4.0,5.0,50.0,Mahindra KUV100 NXT,488194,4.0,Mahindra
59,21.0,Diesel,No,510.0,1461.0,5.0,3.0,5.0,60.0,Mahindra Verito,748370,3.5,Mahindra
60,16.5,Diesel,Yes,1702.0,1493.0,7.0,3.0,6.0,60.0,Mahindra Bolero Power Plus,886398,4.25,Mahindra
61,15.96,Diesel,Yes,1702.0,2523.0,7.0,4.0,5.0,60.0,Mahindra Bolero,942263,3.5,Mahindra
62,17.21,Diesel,Yes,412.0,1493.0,7.0,4.0,5.0,42.0,Mahindra NuvoSport,797802,4.25,Mahindra
63,17.0,Petrol,Yes,259.0,1197.0,5.0,3.0,5.0,60.0,Mahindra XUV300,830127,4.5,Mahindra
64,18.49,Diesel,No,384.0,1493.0,7.0,4.0,5.0,60.0,Mahindra TUV300,854328,4.0,Mahindra
65,110.0,Electric,No,135.0,1969.0,4.0,4.0,6.0,55.0,Mahindra e2o Plus,881425,3.25,Mahindra
66,13.0,Diesel,No,600.0,2498.0,6.0,4.0,5.0,60.0,Mahindra Thar,959860,3.5,Mahindra
67,13.9,Diesel,Yes,400.0,2489.0,7.0,4.0,6.0,45.0,Mahindra Xylo,963037,3.75,Mahindra
68,18.49,Diesel,Yes,384.0,2179.0,9.0,2.0,7.0,60.0,Mahindra TUV300 Plus,992748,3.0,Mahindra
69,17.3,Diesel,Yes,409.5,1497.0,7.0,3.0,4.0,70.0,Mahindra Marazzo,999900,5.0,Mahindra
70,15.4,Diesel,Yes,409.5,2523.0,9.0,3.0,5.0,70.0,Mahindra Scorpio,999994,3.75,Mahindra
71,13.85,Petrol,Yes,96.0,2179.0,7.0,4.0,5.0,24.0,Mahindra XUV500,1610180,4.75,Mahindra
72,110.0,Electric,No,510.0,1969.0,5.0,3.0,5.0,35.0,Mahindra E Verito,1293214,3.5,Mahindra
73,12.35,Diesel,Yes,409.5,2157.0,4.0,4.0,5.0,37.0,Mahindra Alturas G4,2770150,4.5,Mahindra
74,23.6,Petrol,Yes,110.0,624.0,5.0,3.0,5.0,44.0,Tata Nano GenX,292667,3.5,Tata
75,23.0,Petrol,No,409.5,1199.0,5.0,3.0,5.0,35.0,Tata Tiago,460000,4.5,Tata
76,18.0,Petrol,Yes,345.0,1199.0,5.0,4.0,6.0,44.0,Tata Altroz,529000,4.25,Tata
77,22.95,Diesel,Yes,210.0,1248.0,5.0,4.0,5.0,35.0,Tata Bolt,787980,3.75,Tata
78,23.0,Petrol,No,419.0,1199.0,5.0,3.0,5.0,44.0,Tata Tigor,575000,4.5,Tata
79,17.6,Petrol,Yes,390.0,1193.0,5.0,4.0,6.0,35.0,Tata Zest,582287,4.0,Tata
80,23.84,Petrol,Yes,242.0,1199.0,5.0,4.0,6.0,63.0,Tata Tiago NRG,594993,3.75,Tata
81,17.6,Petrol,No,350.0,1198.0,5.0,4.0,5.0,60.0,Tata Nexon,695000,4.5,Tata
82,213.0,Electric,Yes,255.0,1969.0,7.0,4.0,5.0,50.0,Tata Tigor EV,960868,4.0,Tata
83,14.0,Diesel,Yes,981.0,2179.0,6.0,3.0,5.0,60.0,Tata Safari Storme,1109005,3.5,Tata
84,16.8,Diesel,No,409.5,2200.0,5.0,5.0,5.0,42.0,Tata Winger,1205000,3.75,Tata
85,16.7,Diesel,Yes,425.0,1956.0,7.0,8.0,6.0,40.0,Tata Harrier,1345363,4.75,Tata
86,17.6,Diesel,Yes,128.0,2179.0,5.0,3.0,6.0,42.0,Tata Hexa,1639374,4.25,Tata
87,312.0,Electric,Yes,409.5,1969.0,5.0,3.0,6.0,52.0,Tata Nexon EV,1399000,4.5,Tata
88,20.4,Petrol,No,409.5,1194.0,5.0,4.0,5.0,80.0,Ford Figo,523000,4.25,Ford
89,24.4,Diesel,No,257.0,1498.0,5.0,4.0,5.0,60.9,Ford Freestyle,676400,4.75,Ford
90,20.4,Petrol,Yes,409.5,1194.0,5.0,4.0,5.0,28.0,Ford Aspire,598500,4.0,Ford
91,17.0,Petrol,Yes,352.0,1497.0,7.0,4.0,5.0,40.0,Ford EcoSport,791000,3.5,Ford
92,10.91,Diesel,Yes,430.0,3198.0,4.0,4.0,8.0,50.0,Ford Endeavour,3470000,5.0,Ford
93,13.0,Petrol,Yes,409.5,4951.0,5.0,3.0,7.0,50.0,Ford Mustang,7462000,5.0,Ford
94,25.17,Petrol,No,300.0,799.0,7.0,4.0,5.0,50.0,Renault Kwid,353290,3.5,Renault
95,20.5,Petrol,No,625.0,999.0,5.0,8.0,5.0,71.0,Renault Triber,495000,3.5,Renault
96,13.87,Petrol,Yes,475.0,1498.0,8.0,2.0,8.0,55.0,Renault Duster,799990,4.25,Renault
97,21.04,Diesel,No,207.0,1461.0,5.0,2.0,8.0,45.0,Renault Lodgy,863299,4.25,Renault
98,13.86,Petrol,Yes,392.0,1498.0,5.0,4.0,6.0,45.0,Renault Captur,949999,4.25,Renault
99,17.06,Diesel,Yes,615.0,1968.0,5.0,4.0,7.0,55.0,Volkswagen Tiguan,2814500,4.25,Volkswagen
100,17.42,Diesel,Yes,586.0,1968.0,5.0,4.0,7.0,73.0,Volkswagen Passat,3021500,4.0,Volkswagen
101,21.66,Diesel,Yes,330.0,1498.0,5.0,4.0,7.0,90.5,Volkswagen Ameo,711500,4.25,Volkswagen
102,18.78,Petrol,Yes,280.0,999.0,5.0,4.0,7.0,80.0,Volkswagen Polo,582000,4.25,Volkswagen
103,16.09,Petrol,Yes,494.0,1598.0,2.0,4.0,7.0,50.0,Volkswagen Vento,876500,5.0,Volkswagen
104,8.0,Petrol,N/A,409.5,3982.0,4.0,4.0,7.0,64.0,Aston Martin Vantage,29500000,4.0,Aston
105,12.9,Petrol,Yes,300.0,5935.0,2.0,6.0,8.0,54.0,Aston Martin Rapide,38845823,4.0,Aston
106,16.8,Petrol,Yes,300.0,5198.0,5.0,4.0,7.0,64.0,Aston Martin DB 11,40456503,4.5,Aston
107,20.38,Diesel,Yes,425.0,1968.0,5.0,6.0,7.0,50.0,Audi A3,3021200,3.75,Audi
108,15.73,Diesel,Yes,460.0,1968.0,5.0,8.0,7.0,73.0,Audi Q3,3677200,3.5,Audi
109,16.8,Petrol,Yes,480.0,1395.0,5.0,4.0,8.0,75.0,Audi A4,4149000,4.25,Audi
110,16.9,Diesel,Yes,460.0,1968.0,4.0,8.0,8.0,58.0,Audi Q5,5021200,4.25,Audi
111,19.2,Petrol,Yes,320.0,1395.0,5.0,8.0,8.0,58.0,Audi A3 Cabriolet,5038000,3.75,Audi
112,14.11,Petrol,Yes,560.0,1984.0,5.0,0.0,7.0,58.0,Audi A6,5442200,4.25,Audi
113,19.2,Diesel,Yes,54.0,1968.0,7.0,2.0,5.0,85.0,Audi A5,6061200,4.25,Audi
114,14.75,Diesel,Yes,295.0,2967.0,4.0,8.0,8.0,82.0,Audi Q7,7221500,4.0,Audi
115,17.2,Diesel,Yes,480.0,1968.0,5.0,8.0,8.0,75.0,Audi A5 Cabriolet,6948200,4.0,Audi
116,13.57,Petrol,Yes,409.5,2995.0,4.0,2.0,8.0,75.0,Audi S5,7243000,4.5,Audi
117,10.8,Petrol,Yes,465.0,2894.0,7.0,4.0,8.0,90.0,Audi RS5,11141200,3.75,Audi
118,16.8,Petrol,Yes,605.0,2995.0,4.0,4.0,7.0,90.0,Audi Q8,13359500,4.75,Audi
119,16.8,Petrol,Yes,505.0,2995.0,4.0,4.0,7.0,90.0,Audi A8 L,15600000,0.0,Audi
120,9.8,Petrol,Yes,535.0,3993.0,2.0,4.0,7.0,85.0,Audi RS7,17072000,3.75,Audi
121,6.71,Petrol,Yes,409.5,5204.0,4.0,4.0,7.0,50.0,Audi R8,27245000,4.0,Audi
122,35.0,Petrol,No,20.0,216.0,4.0,4.0,9.0,50.0,Bajaj Qute (RE60),263000,3.75,Bajaj
123,8.6,Petrol,Yes,358.0,5998.0,4.0,4.0,9.0,56.0,Bentley Continental GT,33791059,4.25,Bentley
124,4.0,Petrol,Yes,475.0,3993.0,4.0,4.0,9.0,50.0,Bentley Flying Spur,34167064,4.0,Bentley
125,9.5,Petrol,Yes,443.0,6752.0,5.0,4.0,7.0,66.0,Bentley Mulsanne,52571294,4.25,Bentley
126,19.0,Petrol,Yes,430.0,5950.0,5.0,4.0,9.0,66.0,Bentley Bentayga,45941557,4.5,Bentley
127,15.5,Petrol,Yes,341.0,1595.0,5.0,6.0,9.0,80.0,Mercedes-Benz A-Class,2785288,4.0,Mercedes-Benz
128,14.81,Petrol,Yes,488.0,1595.0,5.0,6.0,7.0,60.0,Mercedes-Benz B-Class,2988311,4.0,Mercedes-Benz
129,15.04,Petrol,Yes,470.0,1991.0,5.0,4.0,7.0,93.0,Mercedes-Benz CLA-Class,3599000,3.75,Mercedes-Benz
130,13.8,Petrol,Yes,421.0,1991.0,5.0,6.0,9.0,93.0,Mercedes-Benz GLA-Class,3438000,3.75,Mercedes-Benz
131,12.06,Diesel,Yes,480.0,1950.0,5.0,6.0,7.0,80.0,Mercedes-Benz C-Class,4020000,4.5,Mercedes-Benz
132,13.51,Petrol,Yes,580.0,1991.0,5.0,8.0,7.0,80.0,Mercedes-Benz GLC ,5275000,0.0,Mercedes-Benz
133,12.0,Petrol,Yes,540.0,1991.0,4.0,2.0,8.0,100.0,Mercedes-Benz E-Class,5861062,3.75,Mercedes-Benz
134,16.8,Petrol,Yes,409.5,1991.0,7.0,8.0,8.0,90.0,Mercedes-Benz C-Class Cabriolet,6426497,5.0,Mercedes-Benz
135,16.8,Diesel,Yes,409.5,2143.0,5.0,8.0,8.0,96.0,Mercedes-Benz V-Class,6840000,4.75,Mercedes-Benz
136,16.8,Diesel,Yes,825.0,1950.0,5.0,4.0,8.0,80.0,Mercedes-Benz GLE,7370000,0.0,Mercedes-Benz
137,12.06,Diesel,Yes,540.0,1950.0,4.0,4.0,8.0,75.0,Mercedes-Benz E-Class All Terrain,7500000,4.75,Mercedes-Benz
138,10.0,Petrol,Yes,540.0,2996.0,5.0,4.0,8.0,80.0,Mercedes-Benz E-Class Cabriolet,7711338,4.5,Mercedes-Benz
139,16.8,Diesel,Yes,409.5,1950.0,5.0,4.0,8.0,51.0,Mercedes-Benz CLS,8470000,4.5,Mercedes-Benz
140,11.6,Diesel,Yes,409.5,2987.0,5.0,4.0,8.0,40.0,Mercedes-Benz GLS,8820000,4.0,Mercedes-Benz
141,13.5,Diesel,Yes,530.0,2987.0,7.0,6.0,7.0,67.0,Mercedes-Benz S-Class,13558438,5.0,Mercedes-Benz
142,16.8,Petrol,Yes,480.0,3982.0,4.0,4.0,8.0,70.0,Mercedes-Benz G-Class,21875136,3.75,Mercedes-Benz
143,7.8,Petrol,Yes,510.0,5980.0,2.0,6.0,8.0,60.0,Mercedes-Benz Maybach,27308312,4.0,Mercedes-Benz
144,7.8,Petrol,Yes,350.0,3982.0,4.0,6.0,7.0,88.0,Mercedes-Benz AMG-GT,21583466,4.25,Mercedes-Benz
145,7.8,Petrol,Yes,530.0,4663.0,5.0,6.0,8.0,52.0,Mercedes-Benz S-Class Cabriolet,23491293,5.0,Mercedes-Benz
146,20.68,Diesel,Yes,420.0,1995.0,5.0,6.0,5.0,52.0,BMW X1,3520000,4.0,BMW
147,19.62,Diesel,Yes,480.0,1995.0,5.0,6.0,5.0,80.0,BMW 3-Series,4140000,4.25,BMW
148,18.56,Diesel,Yes,550.0,1995.0,5.0,8.0,5.0,78.0,BMW X3,5930000,2.5,BMW
149,18.12,Diesel,Yes,520.0,1995.0,5.0,3.0,6.0,60.0,BMW 5-Series,5930000,4.0,BMW
150,16.4,Diesel,Yes,1400.0,1995.0,4.0,3.0,7.0,68.0,BMW X4,6060000,5.0,BMW
151,16.46,Diesel,Yes,409.5,2993.0,2.0,3.0,7.0,28.0,BMW 6-Series,6890000,4.0,BMW
152,7.6,Petrol,Yes,281.0,1998.0,5.0,4.0,7.0,35.0,BMW Z4 Roadster,6490000,4.75,BMW
153,13.38,Diesel,Yes,650.0,2993.0,4.0,8.0,7.0,35.0,BMW X5,7330000,3.5,BMW
154,16.8,Petrol,Yes,460.0,2979.0,7.0,8.0,7.0,60.0,BMW M2 Competition,8180000,4.5,BMW
155,13.38,Petrol,Yes,326.0,2998.0,4.0,8.0,7.0,86.0,BMW X7,10490000,4.25,BMW
156,17.66,Diesel,Yes,515.0,2993.0,4.0,8.0,5.0,78.0,BMW 7-Series,12290000,4.0,BMW
157,10.75,Petrol,Yes,368.0,2979.0,4.0,2.0,5.0,86.0,BMW M4,13590000,4.0,BMW
158,9.8,Petrol,Yes,530.0,4395.0,5.0,8.0,5.0,91.0,BMW M5,15490000,4.0,BMW
159,25.17,Petrol,No,222.0,799.0,5.0,4.0,5.0,92.0,Datsun redi-GO,279650,3.25,Datsun
160,20.1,Petrol,Yes,265.0,1198.0,7.0,4.0,5.0,92.0,Datsun GO,374990,4.0,Datsun
161,20.6,Petrol,Yes,347.0,1198.0,2.0,4.0,5.0,45.0,GO+,412292,3.0,GO+
162,10.0,Petrol,Yes,409.5,2000.0,2.0,4.0,5.0,45.0,DC Avanti,3407407,3.75,DC
163,9.0,Petrol,Yes,230.0,4497.0,2.0,4.0,6.0,45.0,Ferrari 458 Speciale,42531500,4.5,Ferrari
164,5.5,Petrol,Yes,230.0,3902.0,2.0,4.0,5.0,45.0,Ferrari 488 GTB,36761413,4.5,Ferrari
165,5.5,Petrol,Yes,230.0,3902.0,4.0,4.0,5.0,45.0,Ferrari 458 Spider,43367500,4.5,Ferrari
166,5.5,Petrol,Yes,450.0,3900.0,2.0,4.0,5.0,45.0,Ferrari GTC4 Lusso,42000000,4.5,Ferrari
167,14.9,Petrol,Yes,409.5,6496.0,2.0,4.0,8.0,63.0,Ferrari 812 Superfast,52000000,5.0,Ferrari
168,9.0,Petrol,Yes,240.0,3855.0,5.0,4.0,8.0,50.0,Ferrari Portofino,35000000,4.5,Ferrari
169,15.7,Petrol,Yes,500.0,1368.0,5.0,4.0,8.0,76.0,Fiat Linea,715860,3.75,Fiat
170,20.5,Diesel,Yes,280.0,1248.0,5.0,4.0,8.0,74.0,Fiat Avventura,796132,3.75,Fiat
171,15.7,Petrol,Yes,280.0,1172.0,5.0,4.0,9.0,82.0,Fiat Punto Evo,535562,4.0,Fiat
172,16.3,Petrol,Yes,409.5,1368.0,5.0,6.0,8.0,60.0,Fiat Abarth Punto,980970,4.25,Fiat
173,17.1,Petrol,Yes,409.5,1368.0,5.0,4.0,6.0,61.0,Fiat Abarth Avventura,989219,4.25,Fiat
174,19.5,Diesel,No,500.0,1248.0,5.0,4.0,8.0,93.5,Fiat Linea Classic,751203,4.25,Fiat
175,20.0,Diesel,Yes,409.5,1248.0,5.0,6.0,7.0,60.0,Fiat Urban Cross,677618,4.5,Fiat
176,15.7,Petrol,Yes,280.0,1172.0,7.0,6.0,7.0,60.0,Fiat Punto Evo,535562,4.0,Fiat
177,17.0,Diesel,No,409.5,2596.0,9.0,4.0,8.0,85.0,Force Gurkha,999000,3.25,Force
178,11.12,Diesel,No,409.5,1994.0,5.0,4.0,9.0,60.0,ICML Extreme,642478,3.25,ICML
179,10.3,Diesel,Yes,409.5,2499.0,7.0,4.0,9.0,90.0,Isuzu Dmax V-Cross,1654783,3.5,Isuzu
180,13.8,Diesel,Yes,409.5,2999.0,5.0,4.0,8.0,90.0,Isuzu MU-X,2734834,4.5,Isuzu
181,13.12,Petrol,Yes,505.0,1999.0,5.0,2.0,9.0,75.0,Jaguar XF,5436329,4.0,Jaguar
182,16.8,Petrol,N/A,409.5,5000.0,5.0,0.0,9.0,85.0,Jaguar F-Type,23659454,4.0,Jaguar
183,12.9,Diesel,Yes,520.0,2993.0,5.0,8.0,6.0,105.0,Jaguar XJ,9738609,4.5,Jaguar
184,16.38,Diesel,Yes,650.0,1999.0,5.0,6.0,6.0,70.0,Jaguar F-Pace,6463780,4.5,Jaguar
185,11.0,Petrol,Yes,455.0,1997.0,5.0,4.0,6.0,65.0,Jaguar XE,4498000,4.25,Jaguar
186,12.8,Diesel,Yes,1025.0,2987.0,5.0,4.0,6.0,93.0,Jeep Grand Cherokee,7882867,4.75,Jeep
187,16.3,Petrol,Yes,409.5,1368.0,5.0,8.0,8.0,56.0,Jeep Compass,1996000,3.75,Jeep
188,16.3,Diesel,Yes,438.0,1956.0,5.0,8.0,6.0,82.0,Jeep Compass Trailhawk,2680000,4.25,Jeep
189,8.4,Petrol,Yes,409.5,1999.0,7.0,4.0,6.0,93.0,Jeep Wrangler,6394000,4.5,Jeep
190,16.8,Petrol,Yes,433.0,1497.0,2.0,4.0,6.0,82.0,KIA Seltos,989000,4.75,KIA
191,16.8,Diesel,Yes,540.0,2199.0,2.0,6.0,8.0,86.0,KIA Carnival,2495000,4.75,KIA
192,5.0,Petrol,N/A,110.0,6498.0,5.0,4.0,6.0,75.0,Lamborghini Aventador,47893943,4.25,Lamborghini
193,10.6,Petrol,Yes,70.0,5204.0,7.0,6.0,6.0,70.0,Lamborghini Huracan,37133704,4.0,Lamborghini
194,7.8,Petrol,Yes,616.0,3996.0,5.0,6.0,6.0,80.0,Lamborghini Urus,30000000,4.5,Lamborghini
195,18.0,Diesel,Yes,258.0,2993.0,4.0,6.0,8.0,70.0,Land Rover Discovery,10205494,4.5,Land
196,15.7,Diesel,Yes,409.5,1999.0,7.0,8.0,5.0,47.0,Land Rover Range Rover Velar,7246802,4.75,Land
197,15.7,Petrol,Yes,251.0,1998.0,5.0,8.0,5.0,44.0,Land Rover Range Rover Evoque Convertible,6952964,4.5,Land
198,9.6,Petrol,Yes,409.5,4999.0,5.0,6.0,6.0,44.0,Land Rover Range Rover,26037526,4.5,Land
199,16.8,Petrol,Yes,409.5,4999.0,7.0,6.0,5.0,44.0,Land Rover Range Rover Sport,20517853,4.0,Land
200,15.6,Diesel,Yes,409.5,1999.0,5.0,4.0,6.0,44.0,Land Rover Range Rover Evoque,5494000,4.5,Land
201,16.8,Diesel,Yes,409.5,1999.0,5.0,4.0,5.0,70.0,Land Rover Discovery Sport,5706000,0.0,Land
202,18.0,Petrol,Yes,409.5,3456.0,7.0,4.0,6.0,88.0,Lexus RX 450h,9900000,4.0,Lexus
203,17.8,Hybrid,Yes,409.5,2487.0,5.0,4.0,5.0,60.0,Lexus ES ,5695000,4.5,Lexus
204,18.0,Diesel,Yes,409.5,4461.0,5.0,3.0,5.0,41.0,Lexus LX 450d,23290000,5.0,Lexus
205,18.3,Petrol,Yes,475.0,2494.0,7.0,3.0,7.0,74.0,Lexus NX 300h,6060000,4.5,Lexus
206,15.4,Hybrid,Yes,430.0,3456.0,4.0,4.0,8.0,50.0,Lexus LS 500h,18221000,4.0,Lexus
207,18.0,Diesel,Yes,409.5,5700.0,4.0,4.0,8.0,50.0,Lexus LX 570,23290000,3.75,Lexus
208,16.8,Hybrid,Yes,133.0,3456.0,4.0,4.0,7.0,41.0,Lexus LC 500h,19600000,4.5,Lexus
209,10.0,Petrol,Yes,261.0,4691.0,5.0,4.0,8.0,41.0,Maserati GranTurismo,17229579,4.25,Maserati
210,9.8,Petrol,Yes,173.0,4691.0,4.0,4.0,5.0,90.0,Maserati GranCabrio,19865675,4.25,Maserati
211,16.8,Diesel,N/A,500.0,2987.0,4.0,6.0,8.0,64.0,Maserati Ghibli,13387856,4.0,Maserati
212,7.9,Diesel,Yes,580.0,2987.0,5.0,4.0,8.0,54.0,Maserati Levante,14512054,4.25,Maserati
213,7.9,Diesel,Yes,530.0,2987.0,5.0,4.0,8.0,75.0,Maserati Quattroporte,17900000,5.0,Maserati
214,16.8,Petrol,N/A,409.5,1500.0,5.0,3.0,8.0,65.0,MG Hector,1248000,3.5,MG
215,13.8,Petrol,Yes,360.0,1998.0,4.0,3.0,8.0,75.0,Mini Clubman,4120000,4.75,Mini
216,14.41,Petrol,Yes,350.0,1998.0,4.0,8.0,8.0,46.0,Mini Countryman,3490000,4.0,Mini
217,14.59,Petrol,Yes,215.0,1998.0,5.0,6.0,8.0,100.0,Mini Convertible,3830000,4.25,Mini
218,21.15,Diesel,Yes,211.0,1496.0,2.0,4.0,5.0,100.0,Mini Cooper 3 Door,2990000,3.75,Mini
219,21.15,Petrol,N/A,278.0,1496.0,7.0,6.0,6.0,100.0,Mini Cooper 5 Door,3600000,4.0,Mini
220,16.47,Petrol,Yes,455.0,1998.0,7.0,6.0,6.0,82.5,Mini John Cooper Works,4350000,3.75,Mini
221,10.77,Diesel,Yes,409.5,2477.0,7.0,6.0,6.0,83.0,Mitsubishi Pajero Sport,2903750,4.0,Mitsubishi
222,11.56,Diesel,Yes,1050.0,3200.0,5.0,4.0,7.0,80.0,Mitsubishi Montero,6862560,4.75,Mitsubishi
223,9.62,Petrol,Yes,409.5,2360.0,4.0,2.0,7.0,55.0,Mitsubishi Outlander,2693000,4.0,Mitsubishi
224,16.95,Petrol,Yes,490.0,1498.0,5.0,2.0,7.0,50.0,Nissan Sunny,707025,3.5,Nissan
225,9.0,Petrol,Yes,249.0,3799.0,5.0,2.0,8.0,66.0,Nissan GTR,21240272,4.75,Nissan
226,20.45,Diesel,Yes,475.0,1461.0,5.0,2.0,8.0,66.0,Nissan Terrano,999900,3.75,Nissan
227,14.23,Petrol,Yes,400.0,1498.0,5.0,2.0,6.0,66.0,Nissan Kicks,955000,4.25,Nissan
228,19.34,Petrol,Yes,251.0,1198.0,4.0,2.0,8.0,55.0,Nissan Micra,662880,3.0,Nissan
229,18.97,Petrol,Yes,251.0,1198.0,4.0,2.0,6.0,63.0,Nissan Micra Active,525021,4.5,Nissan
230,10.63,Petrol,Yes,409.5,3996.0,2.0,4.0,6.0,67.0,Porsche Panamera,21263000,4.0,Porsche
231,8.9,Petrol,Yes,132.0,2981.0,5.0,4.0,8.0,68.0,Porsche 911,17420000,4.0,Porsche
232,7.4,Petrol,Yes,409.5,1988.0,5.0,4.0,6.0,60.0,Porsche 718,8995000,4.5,Porsche
233,3.4,Hybrid,Yes,645.0,2995.0,5.0,4.0,6.0,60.0,Porsche Cayenne,15806000,5.0,Porsche
234,16.8,Petrol,Yes,500.0,2995.0,5.0,4.0,6.0,67.0,Porsche Macan,8503000,4.75,Porsche
235,11.6,Petrol,Yes,625.0,2995.0,4.0,4.0,6.0,60.0,Porsche Cayenne Coupe,13151000,4.5,Porsche
236,16.0,Petrol,Yes,454.0,1173.0,4.0,4.0,6.0,70.0,Premier Rio,506000,3.75,Premier
237,23.0,Petrol,Yes,460.0,6749.0,5.0,4.0,6.0,58.0,Rolls-Royce Phantom,95000000,4.25,Rolls-Royce
238,22.8,Petrol,Yes,395.0,6749.0,4.0,4.0,6.0,58.0,Rolls-Royce Phantom Coupe,77312661,4.25,Rolls-Royce
239,9.8,Petrol,Yes,460.0,6749.0,4.0,5.0,6.0,58.0,Rolls-Royce Drophead Coupe,83755383,4.25,Rolls-Royce
240,17.3,Petrol,Yes,490.0,6593.0,5.0,4.0,6.0,58.0,Rolls-Royce Ghost Series II,46709733,3.75,Rolls-Royce
241,10.2,Petrol,Yes,470.0,6592.0,5.0,5.0,6.0,58.0,Rolls-Royce Wraith,50025840,4.25,Rolls-Royce
242,7.9,Petrol,Yes,460.0,6598.0,5.0,5.0,6.0,58.0,Rolls-Royce Dawn,59216193,4.5,Rolls-Royce
243,16.8,Petrol,N/A,409.5,6750.0,5.0,5.0,6.0,58.0,Rolls-Royce Cullinan,69500000,4.5,Rolls-Royce
244,15.41,Petrol,Yes,460.0,1598.0,5.0,4.0,6.0,58.0,Skoda Rapid,998599,3.75,Skoda
245,16.7,Petrol,Yes,590.0,1395.0,5.0,5.0,6.0,58.0,Skoda Octavia,1599599,3.75,Skoda
246,14.12,Petrol,Yes,625.0,1798.0,5.0,4.0,6.0,58.0,Skoda Superb,2599599,3.5,Skoda
247,18.19,Diesel,Yes,625.0,1968.0,7.0,4.0,6.0,58.0,Skoda Kodiaq,3299599,4.5,Skoda
248,13.7,Petrol,Yes,625.0,1798.0,5.0,4.0,6.0,58.0,Skoda Superb Sportline,2899599,4.0,Skoda
249,21.72,Diesel,Yes,460.0,1498.0,7.0,4.0,6.0,58.0,Skoda Monte Carlo,1425599,4.0,Skoda
250,16.25,Diesel,Yes,270.0,1968.0,5.0,4.0,6.0,58.0,Skoda Kodiaq Scout,3399000,5.0,Skoda
251,16.8,Petrol,Yes,380.0,1969.0,5.0,4.0,6.0,58.0,Volvo S60,5602000,4.0,Volvo
252,17.2,Diesel,Yes,530.0,1969.0,5.0,4.0,6.0,58.0,Volvo XC90,8790000,4.0,Volvo
253,16.8,Diesel,Yes,324.0,1984.0,5.0,4.0,6.0,58.0,Volvo V40 Cross Country,3283000,4.0,Volvo
254,16.8,Diesel,Yes,409.5,1969.0,4.0,4.0,6.0,58.0,Volvo S90,5890000,5.0,Volvo
255,16.8,Diesel,Yes,409.5,1969.0,5.0,4.0,6.0,58.0,Volvo XC40,3990000,3.75,Volvo
256,16.81,Diesel,Yes,324.0,1984.0,5.0,4.0,6.0,58.0,Volvo V40,2769000,3.5,Volvo
257,19.6,Diesel,Yes,380.0,2400.0,5.0,4.0,6.0,58.0,Volvo S60 Cross Country,4426500,4.25,Volvo
258,17.2,Diesel,Yes,530.0,1969.0,5.0,4.0,6.0,58.0,Volvo V90 Cross Country,6531000,4.0,Volvo
259,18.8,Diesel,Yes,495.0,1969.0,5.0,4.0,6.0,58.0,Volvo XC60,5990000,4.0,Volvo
