,Milage,fuel_type,central_locking,Boot space,Displacement,seat_capacity,cylinders,gears,Fuel_capacity,car_name,price,Rating
0,16.8 km/litre,Petrol,No,525 litres,796 cc,"Seating Capacity
                5","Cylinders
                3","Gears
                4","Fuel Tank Capacity
                35 litres",Maruti Suzuki Omni,"Rs. 2,82,778",3.25
1,22.05 km/litre,Petrol,No,N/A,796 cc,"Seating Capacity
                5","Cylinders
                3","Gears
                5","Fuel Tank Capacity
                35 litres",Maruti Suzuki Alto,"Rs. 2,94,800",3.25
2,15 km/litre,Petrol,No,400 litres,1196 cc,"Seating Capacity
                5","Cylinders
                4","Gears
                5","Fuel Tank Capacity
                40 litres",Maruti Suzuki Eeco,"Rs. 3,52,136",3.25
3,23.7 km/litre,Petrol,No,177 litres,796 cc,"Seating Capacity
                5","Cylinders
                3","Gears
                5","Fuel Tank Capacity
                35 litres",Maruti Suzuki Alto 800 Tour,"Rs. 3,54,235",2.75
4,24.07 km/litre,Petrol,No,177 litres,998 cc,"Seating Capacity
                5","Cylinders
                3","Gears
                5","Fuel Tank Capacity
                35 litres",Maruti Suzuki Alto K10,"Rs. 3,77,588",3.5
5,21.4 km/litre,Petrol,No,N/A,998 cc,"Seating Capacity
                5","Cylinders
                3","Gears
                5","Fuel Tank Capacity
                27 litres",Maruti Suzuki S-Presso,"Rs. 3,70,500",4
6,23.1 km/litre,Petrol,No,235 litres,998 cc,"Seating Capacity
                5","Cylinders
                3","Gears
                5","Fuel Tank Capacity
                35 litres",Maruti Suzuki Celerio Tour,"Rs. 4,22,444",2.75
7,23.1 km/litre,Petrol,No,235 litres,998 cc,"Seating Capacity
                5","Cylinders
                3","Gears
                5","Fuel Tank Capacity
                35 litres",Maruti Suzuki Celerio,"Rs. 4,26,289",3.5
8,22.50 km/litre,Petrol,Yes,341 litres,998 cc,"Seating Capacity
                5","Cylinders
                3","Gears
                5","Fuel Tank Capacity
                32 litres",Maruti Suzuki Wagon R,"Rs. 4,79,000",4
9,23.1 km/litre,Petrol,Yes,235 litres,998 cc,"Seating Capacity
                5","Cylinders
                3","Gears
                5","Fuel Tank Capacity
                35 litres",Maruti Suzuki Celerio X ,"Rs. 4,81,074",4.75
10,20.89 km/litre,Petrol,Yes,260 litres,1197 cc,"Seating Capacity
                5","Cylinders
                4","Gears
                5","Fuel Tank Capacity
                32 litres",Maruti Suzuki Ignis,"Rs. 7,13,898",3.75
11,20.4 km/litre,Petrol,No,268 litres,1197 cc,"Seating Capacity
                5","Cylinders
                4","Gears
                5","Fuel Tank Capacity
                37 litres",Maruti Suzuki Swift,"Rs. 5,19,000",3.25
12,28.40 km/litre,Diesel,Yes,320 litres,1248 cc,"Seating Capacity
                5","Cylinders
                4","Gears
                5","Fuel Tank Capacity
                42 litres",Maruti Suzuki Dzire Tour,"Rs. 6,53,523",3
13,27.39 km/litre,Diesel,Yes,339 litres,1248 cc,"Seating Capacity
                5","Cylinders
                4","Gears
                5","Fuel Tank Capacity
                37 litres",Maruti Suzuki Baleno,"Rs. 7,46,621",3.25
14,22 km/litre,Petrol,No,378 litres,1197 cc,"Seating Capacity
                5","Cylinders
                4","Gears
                5","Fuel Tank Capacity
                37 litres",Maruti Suzuki Dzire,"Rs. 5,82,613",3.5
15,11.9 km/litre,Petrol,No,350 litres,1298 cc,"Seating Capacity
                8","Cylinders
                4","Gears
                5","Fuel Tank Capacity
                40 litres",Maruti Suzuki Gypsy,"Rs. 6,37,343",3.25
16,19.34 km/litre,Petrol,Yes,209 litres,1462 cc,"Seating Capacity
                7","Cylinders
                4","Gears
                5","Fuel Tank Capacity
                45 litres",Maruti Suzuki Ertiga,"Rs. 7,59,000",4
17,24.3 km/litre,Diesel,Yes,328 litres,1248 cc,"Seating Capacity
                5","Cylinders
                4","Gears
                5","Fuel Tank Capacity
                48 litres",Maruti Suzuki Vitara Brezza,"Rs. 7,62,742",3.5
18,21.4 km/litre,Petrol,Yes,339 litres,998 cc,"Seating Capacity
                5","Cylinders
                3","Gears
                5","Fuel Tank Capacity
                37 litres",Maruti Suzuki Baleno RS,"Rs. 7,88,913",3.75
19,28.09 km/litre,Diesel,Yes,510 litres,1248 cc,"Seating Capacity
                5","Cylinders
                4","Gears
                5","Fuel Tank Capacity
                43 litres",Maruti Suzuki Ciaz,"Rs. 11,02,689",3.5
20,23.65 km/litre,Diesel,Yes,375 litres,1248 cc,"Seating Capacity
                5","Cylinders
                4","Gears
                5","Fuel Tank Capacity
                48 litres",Maruti Suzuki S-Cross,"Rs. 8,80,689",4
21,19.01 km/litre,Petrol,Yes,209 litres,1462 cc,"Seating Capacity
                6","Cylinders
                4","Gears
                5","Fuel Tank Capacity
                45 litres",Maruti Suzuki XL6,"Rs. 9,84,689",4
22,20.3 km/litre,Petrol,No,N/A,1086 cc,"Seating Capacity
                5","Cylinders
                4","Gears
                5","Fuel Tank Capacity
                35 litres",Hyundai Santro,"Rs. 4,29,990",3.5
23,18.9 km/litre,Petrol,Yes,256 litres,1197 cc,"Seating Capacity
                5","Cylinders
                4","Gears
                5","Fuel Tank Capacity
                43 litres",Hyundai Grand i10,"Rs. 5,86,428",3.75
24,N/A,CNG + Petrol,Yes,407 litres,1197 cc,"Seating Capacity
                5","Cylinders
                4","Gears
                5","Fuel Tank Capacity
                43 litres",Hyundai Xcent Prime,"Rs. 5,56,130",2.75
25,18.9 km/litre,Petrol,Yes,256 litres,1197 cc,"Seating Capacity
                5","Cylinders
                4","Gears
                5","Fuel Tank Capacity
                43 litres",Hyundai Grand i10,"Rs. 5,86,428",3.75
26,18.6 km/litre,Petrol,Yes,285 litres,1197 cc,"Seating Capacity
                5","Cylinders
                4","Gears
                5","Fuel Tank Capacity
                45 litres",Hyundai Elite i20,"Rs. 5,59,693",4.5
27,20.50 km/litre,Petrol,No,N/A,1197 cc,"Seating Capacity
                5","Cylinders
                4","Gears
                5","Fuel Tank Capacity
                37 litres",Hyundai Aura,"Rs. 5,79,900",4.5
28,20.14 km/litre,Petrol,Yes,407 litres,1197 cc,"Seating Capacity
                5","Cylinders
                4","Gears
                5","Fuel Tank Capacity
                43 litres",Hyundai Xcent,"Rs. 6,43,769",4
29,18.9 km/litre,Petrol,Yes,256 litres,1197 cc,"Seating Capacity
                5","Cylinders
                4","Gears
                5","Fuel Tank Capacity
                43 litres",Hyundai Grand i10,"Rs. 5,86,428",3.75
30,17.52 km/litre,Petrol,Yes,350 litres,1197 cc,"Seating Capacity
                5","Cylinders
                4","Gears
                5","Fuel Tank Capacity
                45 litres",Hyundai Venue,"Rs. 6,55,000",4.5
31,17.19 km/litre,Petrol,Yes,285 litres,1197 cc,"Seating Capacity
                5","Cylinders
                4","Gears
                6","Fuel Tank Capacity
                40 litres",Hyundai i20 Active,"Rs. 7,74,035",4.5
32,17.7 km/litre,Petrol,Yes,465 litres,1591 cc,"Seating Capacity
                5","Cylinders
                4","Gears
                6","Fuel Tank Capacity
                45 litres",Hyundai Verna,"Rs. 9,99,900",4
33,21.38 km/litre,Diesel,Yes,475 litres,1396 cc,"Seating Capacity
                5","Cylinders
                4","Gears
                5","Fuel Tank Capacity
                55 litres",Hyundai Creta,"Rs. 9,99,990",4.25
34,14.60 km/litre,Petrol,Yes,N/A,1999 cc,"Seating Capacity
                5","Cylinders
                4","Gears
                Single Speed Reduction Gear","Fuel Tank Capacity
                50 litres",Hyundai Elantra,"Rs. 15,89,000",4.5
35,18.42 km/litre,Diesel,Yes,N/A,1995 cc,"Seating Capacity
                5","Cylinders
                4","Gears
                5","Fuel Tank Capacity
                62 litres",Hyundai Tucson,"Rs. 20,79,717",4
36,462 km/full charge,Electric,Yes,N/A,,"Seating Capacity
                4","Cylinders
                4","Gears
                5","Fuel Tank Capacity
                35 litres",Hyundai Kona Electric,"Rs. 23,71,858",4.75
37,19.0 km/litre,Petrol,Yes,420 litres,1199 cc,"Seating Capacity
                5","Cylinders
                4","Gears
                7","Fuel Tank Capacity
                40 litres",Honda Amaze,"Rs. 7,63,000",4
38,18.2 km/litre,Petrol,Yes,354 litres,1199 cc,"Seating Capacity
                5","Cylinders
                4","Gears
                7","Fuel Tank Capacity
                40 litres",Honda Jazz,"Rs. 7,45,000",4.5
39,25.50 km/litre,Diesel,Yes,363 litres,1498 cc,"Seating Capacity
                5","Cylinders
                4","Gears
                5","Fuel Tank Capacity
                42 litres",Honda WR-V,"Rs. 10,35,000",4
40,15.4 km/litre,Petrol,Yes,223 litres,1497 cc,"Seating Capacity
                7","Cylinders
                4","Gears
                7","Fuel Tank Capacity
                40 litres",Honda BRV,"Rs. 9,52,900",4.25
41,17.4 km/litre,Petrol,Yes,510 litres,1497 cc,"Seating Capacity
                5","Cylinders
                4","Gears
                7","Fuel Tank Capacity
                47 litres",Honda City,"Rs. 9,91,000",3.75
42,16.5 km/litre,Petrol,Yes,430 litres,1799 cc,"Seating Capacity
                5","Cylinders
                4","Gears
                5","Fuel Tank Capacity
                57 litres",Honda Civic,"Rs. 17,93,900",4.5
43,14.4 km/litre,Petrol,Yes,522 litres,1997 cc,"Seating Capacity
                5","Cylinders
                4","Gears
                5","Fuel Tank Capacity
                60 litres",Honda CR-V,"Rs. 28,27,001",5
44,23.1 km/litre,Hybrid,Yes,400 litres,1993 cc,"Seating Capacity
                5","Cylinders
                4","Gears
                5","Fuel Tank Capacity
                45 litres",Honda Accord Hybrid,"Rs. 43,21,237",3.75
45,18.16 km/litre,Petrol,No,251 litres,1197 cc,"Seating Capacity
                5","Cylinders
                4","Gears
                5","Fuel Tank Capacity
                45 litres",Toyota Etios Liva,"Rs. 5,20,300",3.5
46,16.78 km/litre,Petrol,Yes,592 litres,1496 cc,"Seating Capacity
                5","Cylinders
                4","Gears
                5","Fuel Tank Capacity
                45 litres",Toyota Platinum Etios,"Rs. 6,27,100",3.5
47,16.78 km/litre,Petrol,Yes,251 litres,1496 cc,"Seating Capacity
                5","Cylinders
                4","Gears
                6","Fuel Tank Capacity
                37 litres",Toyota Etios Cross,"Rs. 8,02,000",3.75
48,23.87 km/litre,Petrol,Yes,339 litres,1197 cc,"Seating Capacity
                5","Cylinders
                4","Gears
                5","Fuel Tank Capacity
                42 litres",Toyota Glanza ,"Rs. 7,21,900",3.25
49,17.1 km/litre,Petrol,Yes,476 litres,1496 cc,"Seating Capacity
                5","Cylinders
                4","Gears
                6","Fuel Tank Capacity
                55 litres",Toyota Yaris,"Rs. 9,40,000",4.5
50,15.4 km/litre,Diesel,Yes,N/A,2393 cc,"Seating Capacity
                7","Cylinders
                4","Gears
                5","Fuel Tank Capacity
                55 litres",Toyota Innova Crysta,"Rs. 16,05,000",3.5
51,16.7 km/litre,Petrol,Yes,470 litres,1798 cc,"Seating Capacity
                5","Cylinders
                4","Gears
                5","Fuel Tank Capacity
                80 litres",Toyota Corolla Altis,"Rs. 16,45,000",3.5
52,12.9 km/litre,Diesel,Yes,296 litres,2755 cc,"Seating Capacity
                7","Cylinders
                8","Gears
                6","Fuel Tank Capacity
                50 litres",Toyota Fortuner,"Rs. 32,05,000",3.75
53,23.2 km/litre,Hybrid,Yes,N/A,2487 cc,"Seating Capacity
                5","Cylinders
                8","Gears
                6","Fuel Tank Capacity
                43 litres",Toyota Camry,"Rs. 37,88,000",4.75
54,23.9 km/litre,Hybrid,Yes,N/A,1798 cc,"Seating Capacity
                5","Cylinders
                4","Gears
                5","Fuel Tank Capacity
                93 litres",Toyota Prius,"Rs. 45,09,000",4.25
55,9.0 km/litre,Diesel,Yes,621 litres,4461 cc,"Seating Capacity
                7","Cylinders
                3","Gears
                5","Fuel Tank Capacity
                93 litres",Toyota Land Cruiser,"Rs. 1,46,99,000",4
56,9.0 km/litre,Diesel,Yes,621 litres,4461 cc,"Seating Capacity
                7","Cylinders
                4","Gears
                5","Fuel Tank Capacity
                50 litres",Toyota Land Cruiser,"Rs. 1,46,99,000",4
57,20.08 km/litre,Diesel,No,330 litres,1461 cc,"Seating Capacity
                5","Cylinders
                4","Gears
                5","Fuel Tank Capacity
                35 litres",Mahindra Verito Vibe,"Rs. 6,57,628",3.5
58,18.15 km/litre,Petrol,No,243 litres,1198 cc,"Seating Capacity
                6","Cylinders
                4","Gears
                5","Fuel Tank Capacity
                50 litres",Mahindra KUV100 NXT,"Rs. 4,88,194",4
59,21 km/litre,Diesel,No,510 litres,1461 cc,"Seating Capacity
                5","Cylinders
                3","Gears
                5","Fuel Tank Capacity
                60 litres",Mahindra Verito,"Rs. 7,48,370",3.5
60,16.5 km/litre,Diesel,Yes,1702 litres,1493 cc,"Seating Capacity
                7","Cylinders
                3","Gears
                6","Fuel Tank Capacity
                60 litres",Mahindra Bolero Power Plus,"Rs. 8,86,398",4.25
61,15.96 km/litre,Diesel,Yes,1702 litres,2523 cc,"Seating Capacity
                7","Cylinders
                4","Gears
                5","Fuel Tank Capacity
                60 litres",Mahindra Bolero,"Rs. 9,42,263",3.5
62,17.21 km/litre,Diesel,Yes,412 litres,1493 cc,"Seating Capacity
                7","Cylinders
                4","Gears
                5","Fuel Tank Capacity
                42 litres",Mahindra NuvoSport,"Rs. 7,97,802",4.25
63,17. km/litre,Petrol,Yes,259 litres,1197 cc,"Seating Capacity
                5","Cylinders
                3","Gears
                5","Fuel Tank Capacity
                60 litres",Mahindra XUV300,"Rs. 8,30,127",4.5
64,18.49 km/litre,Diesel,No,384 litres,1493 cc,"Seating Capacity
                7","Cylinders
                4","Gears
                5","Fuel Tank Capacity
                60 litres",Mahindra TUV300,"Rs. 8,54,328",4
65,110 km/full charge,Electric,No,135 litres,,"Seating Capacity
                4","Cylinders
                4","Gears
                6","Fuel Tank Capacity
                55 litres",Mahindra e2o Plus,"Rs. 8,81,425",3.25
66,13 km/litre,Diesel,No,600 litres,2498 cc,"Seating Capacity
                6","Cylinders
                4","Gears
                5","Fuel Tank Capacity
                60 litres",Mahindra Thar,"Rs. 9,59,860",3.5
67,13.9 km/litre,Diesel,Yes,400 litres,2489 cc,"Seating Capacity
                7","Cylinders
                4","Gears
                6","Fuel Tank Capacity
                45 litres",Mahindra Xylo,"Rs. 9,63,037",3.75
68,18.49 km/litre,Diesel,Yes,384 litres,2179 cc,"Seating Capacity
                9","Cylinders
                2","Gears
                7","Fuel Tank Capacity
                60 litres",Mahindra TUV300 Plus,"Rs. 9,92,748",3
69,17.3 km/litre,Diesel,Yes,N/A,1497 cc,"Seating Capacity
                7","Cylinders
                3","Gears
                4","Fuel Tank Capacity
                70 litres",Mahindra Marazzo,"Rs. 9,99,900",5
70,15.4 km/litre,Diesel,Yes,N/A,2523 cc,"Seating Capacity
                9","Cylinders
                3","Gears
                5","Fuel Tank Capacity
                70 litres",Mahindra Scorpio,"Rs. 9,99,994",3.75
71,13.85 km/litre,Petrol,Yes,96 litres,2179 cc,"Seating Capacity
                7","Cylinders
                4","Gears
                5","Fuel Tank Capacity
                24 litres",Mahindra XUV500,"Rs. 16,10,180",4.75
72,110 km/full charge,Electric,No,510 litres,,"Seating Capacity
                5","Cylinders
                3","Gears
                5","Fuel Tank Capacity
                35 litres",Mahindra E Verito,"Rs. 12,93,214",3.5
73,12.35 km/litre,Diesel,Yes,N/A,2157 cc,"Seating Capacity
                4","Cylinders
                4","Gears
                5","Fuel Tank Capacity
                37 litres",Mahindra Alturas G4,"Rs. 27,70,150",4.5
74,23.6 km/litre,Petrol,Yes,110 litres,624 cc,"Seating Capacity
                5","Cylinders
                3","Gears
                5","Fuel Tank Capacity
                44 litres",Tata Nano GenX,"Rs. 2,92,667",3.5
75,23 km/litre,Petrol,No,N/A,1199 cc,"Seating Capacity
                5","Cylinders
                3","Gears
                5","Fuel Tank Capacity
                35 litres",Tata Tiago,"Rs. 4,60,000",4.5
76,18 km/litre,Petrol,Yes,345 litres,1199 cc,"Seating Capacity
                5","Cylinders
                4","Gears
                NA","Fuel Tank Capacity
                44 litres",Tata Altroz,"Rs. 5,29,000",4.25
77,22.95 km/litre,Diesel,Yes,210 litres,1248 cc,"Seating Capacity
                5","Cylinders
                4","Gears
                5","Fuel Tank Capacity
                35 litres",Tata Bolt,"Rs. 7,87,980",3.75
78,23 km/litre,Petrol,No,419 litres,1199 cc,"Seating Capacity
                5","Cylinders
                3","Gears
                5","Fuel Tank Capacity
                44 litres",Tata Tigor,"Rs. 5,75,000",4.5
79,17.6 km/litre,Petrol,Yes,390 litres,1193 cc,"Seating Capacity
                5","Cylinders
                4","Gears
                6","Fuel Tank Capacity
                35 litres",Tata Zest,"Rs. 5,82,287",4
80,23.84 km/litre,Petrol,Yes,242 litres,1199 cc,"Seating Capacity
                5","Cylinders
                4","Gears
                6","Fuel Tank Capacity
                63 litres",Tata Tiago NRG,"Rs. 5,94,993",3.75
81,17.6 km/litre,Petrol,No,350 litres,1198 cc,"Seating Capacity
                5","Cylinders
                4","Gears
                5","Fuel Tank Capacity
                60 litres",Tata Nexon,"Rs. 6,95,000",4.5
82,213 km/full charge,Electric,Yes,255 litres,,"Seating Capacity
                7","Cylinders
                4","Gears
                5","Fuel Tank Capacity
                50 litres",Tata Tigor EV,"Rs. 9,60,868",4
83,14 km/litre,Diesel,Yes,981 litres,2179 cc,"Seating Capacity
                16","Cylinders
                3","Gears
                5","Fuel Tank Capacity
                60 litres",Tata Safari Storme,"Rs. 11,09,005",3.5
84,N/A,Diesel,No,N/A,2200 cc,"Seating Capacity
                5","Cylinders
                5","Gears
                5","Fuel Tank Capacity
                42 litres",Tata Winger,"Rs. 12,05,000",3.75
85,16.7 km/litre,Diesel,Yes,425 litres,1956 cc,"Seating Capacity
                7","Cylinders
                8","Gears
                6","Fuel Tank Capacity
                40 litres",Tata Harrier,"Rs. 13,45,363",4.75
86,17.6 km/litre,Diesel,Yes,128 litres,2179 cc,"Seating Capacity
                5","Cylinders
                3","Gears
                6","Fuel Tank Capacity
                42 litres",Tata Hexa,"Rs. 16,39,374",4.25
87,312 km/full charge,Electric,Yes,N/A,,"Seating Capacity
                5","Cylinders
                3","Gears
                6","Fuel Tank Capacity
                52 litres",Tata Nexon EV,"Rs. 13,99,000",4.5
88,20.4 km/litre,Petrol,No,N/A,1194 cc,"Seating Capacity
                5","Cylinders
                4","Gears
                5","Fuel Tank Capacity
                80 litres",Ford Figo,"Rs. 5,23,000",4.25
89,24.4 km/litre,Diesel,No,257 litres,1498 cc,"Seating Capacity
                5","Cylinders
                4","Gears
                5","Fuel Tank Capacity
                60.9 litres",Ford Freestyle,"Rs. 6,76,400",4.75
90,20.4 km/litre,Petrol,Yes,N/A,1194 cc,"Seating Capacity
                5","Cylinders
                4","Gears
                5","Fuel Tank Capacity
                28 litres",Ford Aspire,"Rs. 5,98,500",4
91,17. km/litre,Petrol,Yes,352 litres,1497 cc,"Seating Capacity
                7","Cylinders
                4","Gears
                5","Fuel Tank Capacity
                40 litres",Ford EcoSport,"Rs. 7,91,000",3.5
92,10.91 km/litre,Diesel,Yes,430 litres,3198 cc,"Seating Capacity
                4","Cylinders
                4","Gears
                8","Fuel Tank Capacity
                50 litres",Ford Endeavour,"Rs. 34,70,000",5
93,13.0 km/litre,Petrol,Yes,N/A,4951 cc,"Seating Capacity
                5","Cylinders
                3","Gears
                7","Fuel Tank Capacity
                50 litres",Ford Mustang,"Rs. 74,62,000",5
94,25.17 km/litre,Petrol,No,300 litres,799 cc,"Seating Capacity
                7","Cylinders
                4","Gears
                5","Fuel Tank Capacity
                50 litres",Renault Kwid,"Rs. 3,53,290",3.5
95,20.5 km/litre,Petrol,No,625 litres,999 cc,"Seating Capacity
                5","Cylinders
                8","Gears
                5","Fuel Tank Capacity
                71 litres",Renault Triber,"Rs. 4,95,000",3.5
96,13.87 km/litre,Petrol,Yes,475 litres,1498 cc,"Seating Capacity
                8","Cylinders
                12","Gears
                8","Fuel Tank Capacity
                55 litres",Renault Duster,"Rs. 7,99,990",4.25
97,21.04 km/litre,Diesel,No,207 litres,1461 cc,"Seating Capacity
                5","Cylinders
                12","Gears
                8","Fuel Tank Capacity
                45 litres",Renault Lodgy,"Rs. 8,63,299",4.25
98,13.86 km/litre,Petrol,Yes,392 litres,1498 cc,"Seating Capacity
                5","Cylinders
                4","Gears
                6","Fuel Tank Capacity
                45 litres",Renault Captur,"Rs. 9,49,999",4.25
99,17.06 km/litre,Diesel,Yes,615 litres,1968 cc,"Seating Capacity
                5","Cylinders
                4","Gears
                7","Fuel Tank Capacity
                55 litres",Volkswagen Tiguan,"Rs. 28,14,500",4.25
100,17.42 km/litre,Diesel,Yes,586 litres,1968 cc,"Seating Capacity
                5","Cylinders
                4","Gears
                7","Fuel Tank Capacity
                73 litres",Volkswagen Passat,"Rs. 30,21,500",4
101,21.66 km/litre,Diesel,Yes,330 litres,1498 cc,"Seating Capacity
                5","Cylinders
                4","Gears
                7","Fuel Tank Capacity
                90.5 litres",Volkswagen Ameo,"Rs. 7,11,500",4.25
102,18.78 km/litre,Petrol,Yes,280 litres,999 cc,"Seating Capacity
                5","Cylinders
                4","Gears
                7","Fuel Tank Capacity
                80 litres",Volkswagen Polo,"Rs. 5,82,000",4.25
103,16.09 km/litre,Petrol,Yes,494 litres,1598 cc,"Seating Capacity
                2","Cylinders
                4","Gears
                7","Fuel Tank Capacity
                50 litres",Volkswagen Vento,"Rs. 8,76,500",5
104,8 km/litre,Petrol,N/A,N/A,3982 cc,"Seating Capacity
                4","Cylinders
                4","Gears
                7","Fuel Tank Capacity
                64 litres",Aston Martin Vantage,"Rs. 2,95,00,000",4
105,12.9 km/litre,Petrol,Yes,300 litres,5935 cc,"Seating Capacity
                2","Cylinders
                6","Gears
                8","Fuel Tank Capacity
                54 litres",Aston Martin Rapide,"Rs. 3,88,45,823",4
106,N/A,Petrol,Yes,300 litres,5198 cc,"Seating Capacity
                5","Cylinders
                4","Gears
                7","Fuel Tank Capacity
                64 litres",Aston Martin DB 11,"Rs. 4,04,56,503",4.5
107,20.38 km/litre,Diesel,Yes,425 litres,1968 cc,"Seating Capacity
                5","Cylinders
                6","Gears
                7","Fuel Tank Capacity
                50 litres",Audi A3,"Rs. 30,21,200",3.75
108,15.73 km/litre,Diesel,Yes,460 litres,1968 cc,"Seating Capacity
                5","Cylinders
                8","Gears
                7","Fuel Tank Capacity
                73 litres",Audi Q3,"Rs. 36,77,200",3.5
109,N/A,Petrol,Yes,480 litres,1395 cc,"Seating Capacity
                5","Cylinders
                4","Gears
                8","Fuel Tank Capacity
                75 litres",Audi A4,"Rs. 41,49,000",4.25
110,16.9 km/litre,Diesel,Yes,460 litres,1968 cc,"Seating Capacity
                4","Cylinders
                8","Gears
                8","Fuel Tank Capacity
                58 litres",Audi Q5,"Rs. 50,21,200",4.25
111,19.2 km/litre,Petrol,Yes,320 litres,1395 cc,"Seating Capacity
                5","Cylinders
                8","Gears
                8","Fuel Tank Capacity
                58 litres",Audi A3 Cabriolet,"Rs. 50,38,000",3.75
112,14.11 km/litre,Petrol,Yes,560 litres,1984 cc,"Seating Capacity
                5","Cylinders
                10","Gears
                7","Fuel Tank Capacity
                58 litres",Audi A6,"Rs. 54,42,200",4.25
113,19.2 km/litre,Diesel,Yes,54 litres,1968 cc,"Seating Capacity
                7","Cylinders
                12","Gears
                5","Fuel Tank Capacity
                85 litres",Audi A5,"Rs. 60,61,200",4.25
114,14.75 km/litre,Diesel,Yes,295 litres,2967 cc,"Seating Capacity
                4","Cylinders
                8","Gears
                8","Fuel Tank Capacity
                82 litres",Audi Q7,"Rs. 72,21,500",4
115,17.2 km/litre,Diesel,Yes,480 litres,1968 cc,"Seating Capacity
                5","Cylinders
                8","Gears
                8","Fuel Tank Capacity
                75 litres",Audi A5 Cabriolet,"Rs. 69,48,200",4
116,13.57 km/litre,Petrol,Yes,N/A,2995 cc,"Seating Capacity
                4","Cylinders
                12","Gears
                8","Fuel Tank Capacity
                75 litres",Audi S5,"Rs. 72,43,000",4.5
117,10.80 km/litre,Petrol,Yes,465 litres,2894 cc,"Seating Capacity
                7","Cylinders
                4","Gears
                8","Fuel Tank Capacity
                90 litres",Audi RS5,"Rs. 1,11,41,200",3.75
118,N/A,Petrol,Yes,605 litres,2995 cc,"Seating Capacity
                4","Cylinders
                4","Gears
                7","Fuel Tank Capacity
                90 litres",Audi Q8,"Rs. 1,33,59,500",4.75
119,N/A,Petrol,Yes,505 litres,2995 cc,"Seating Capacity
                4","Cylinders
                4","Gears
                7","Fuel Tank Capacity
                90 litres",Audi A8 L,"Rs. 1,56,00,000",0
120,9.8 km/litre,Petrol,Yes,535 litres,3993 cc,"Seating Capacity
                2","Cylinders
                4","Gears
                7","Fuel Tank Capacity
                85 litres",Audi RS7,"Rs. 1,70,72,000",3.75
121,6.71 km/litre,Petrol,Yes,N/A,5204 cc,"Seating Capacity
                4","Cylinders
                4","Gears
                7","Fuel Tank Capacity
                50 litres",Audi R8,"Rs. 2,72,45,000",4
122,35 km/litre,Petrol,No,20 litres,216 cc,"Seating Capacity
                4","Cylinders
                4","Gears
                9","Fuel Tank Capacity
                50 litres",Bajaj Qute (RE60),"Rs. 2,63,000",3.75
123,8.6 km/litre,Petrol,Yes,358 litres,5998 cc,"Seating Capacity
                4","Cylinders
                4","Gears
                9","Fuel Tank Capacity
                56 litres",Bentley Continental GT,"Rs. 3,37,91,059",4.25
124,4 km/litre,Petrol,Yes,475 litres,3993 cc,"Seating Capacity
                4","Cylinders
                4","Gears
                9","Fuel Tank Capacity
                50 litres",Bentley Flying Spur,"Rs. 3,41,67,064",4
125,9.5 km/litre,Petrol,Yes,443 litres,6752 cc,"Seating Capacity
                5","Cylinders
                4","Gears
                7","Fuel Tank Capacity
                66 litres",Bentley Mulsanne,"Rs. 5,25,71,294",4.25
126,19.0 km/litre,Petrol,Yes,430 litres,5950 cc,"Seating Capacity
                5","Cylinders
                4","Gears
                9","Fuel Tank Capacity
                66 litres",Bentley Bentayga,"Rs. 4,59,41,557",4.5
127,15.50 km/litre,Petrol,Yes,341 litres,1595 cc,"Seating Capacity
                5","Cylinders
                6","Gears
                9","Fuel Tank Capacity
                80 litres",Mercedes-Benz A-Class,"Rs. 27,85,288",4
128,14.81 km/litre,Petrol,Yes,488 litres,1595 cc,"Seating Capacity
                5","Cylinders
                6","Gears
                7","Fuel Tank Capacity
                60 litres",Mercedes-Benz B-Class,"Rs. 29,88,311",4
129,15.04 km/litre,Petrol,Yes,470 litres,1991 cc,"Seating Capacity
                5","Cylinders
                4","Gears
                7","Fuel Tank Capacity
                93 litres",Mercedes-Benz CLA-Class,"Rs. 35,99,000",3.75
130,13.8 km/litre,Petrol,Yes,421 litres,1991 cc,"Seating Capacity
                5","Cylinders
                6","Gears
                9","Fuel Tank Capacity
                93 litres",Mercedes-Benz GLA-Class,"Rs. 34,38,000",3.75
131,12.06 km/litre,Diesel,Yes,480 litres,1950 cc,"Seating Capacity
                5","Cylinders
                6","Gears
                7","Fuel Tank Capacity
                80 litres",Mercedes-Benz C-Class,"Rs. 40,20,000",4.5
132,13.51 km/litre,Petrol,Yes,580 litres,1991 cc,"Seating Capacity
                5","Cylinders
                8","Gears
                7","Fuel Tank Capacity
                80 litres",Mercedes-Benz GLC ,"Rs. 52,75,000",0
133,12.0 km/litre,Petrol,Yes,540 litres,1991 cc,"Seating Capacity
                4","Cylinders
                12","Gears
                8","Fuel Tank Capacity
                100 litres",Mercedes-Benz E-Class,"Rs. 58,61,062",3.75
134,N/A,Petrol,Yes,N/A,1991 cc,"Seating Capacity
                7","Cylinders
                8","Gears
                8","Fuel Tank Capacity
                90 litres",Mercedes-Benz C-Class Cabriolet,"Rs. 64,26,497",5
135,N/A,Diesel,Yes,N/A,2143 cc,"Seating Capacity
                5","Cylinders
                8","Gears
                8","Fuel Tank Capacity
                96 litres",Mercedes-Benz V-Class,"Rs. 68,40,000",4.75
136,N/A,Diesel,Yes,825 litres,1950 cc,"Seating Capacity
                5","Cylinders
                4","Gears
                8","Fuel Tank Capacity
                80 litres",Mercedes-Benz GLE,"Rs. 73,70,000",0
137,12.06 km/litre,Diesel,Yes,540 litres,1950 cc,"Seating Capacity
                4","Cylinders
                4","Gears
                8","Fuel Tank Capacity
                75 litres",Mercedes-Benz E-Class All Terrain,"Rs. 75,00,000",4.75
138,10 km/litre,Petrol,Yes,540 litres,2996 cc,"Seating Capacity
                5","Cylinders
                4","Gears
                8","Fuel Tank Capacity
                80 litres",Mercedes-Benz E-Class Cabriolet,"Rs. 77,11,338",4.5
139,N/A,Diesel,Yes,N/A,1950 cc,"Seating Capacity
                5","Cylinders
                4","Gears
                8","Fuel Tank Capacity
                51 litres",Mercedes-Benz CLS,"Rs. 84,70,000",4.5
140,11.6 km/litre,Diesel,Yes,N/A,2987 cc,"Seating Capacity
                5","Cylinders
                4","Gears
                8","Fuel Tank Capacity
                40 litres",Mercedes-Benz GLS,"Rs. 88,20,000",4
141,13.5 km/litre,Diesel,Yes,530 litres,2987 cc,"Seating Capacity
                7","Cylinders
                6","Gears
                7","Fuel Tank Capacity
                67 litres",Mercedes-Benz S-Class,"Rs. 1,35,58,438",5
142,N/A,Petrol,Yes,480 litres,3982 cc,"Seating Capacity
                4","Cylinders
                4","Gears
                8","Fuel Tank Capacity
                70 litres",Mercedes-Benz G-Class,"Rs. 2,18,75,136",3.75
143,7.8 km/litre,Petrol,Yes,510 litres,5980 cc,"Seating Capacity
                2","Cylinders
                6","Gears
                8","Fuel Tank Capacity
                60 litres",Mercedes-Benz Maybach,"Rs. 2,73,08,312",4
144,7.8 km/litre,Petrol,Yes,350 litres,3982 cc,"Seating Capacity
                4","Cylinders
                6","Gears
                7","Fuel Tank Capacity
                88 litres",Mercedes-Benz AMG-GT,"Rs. 2,15,83,466",4.25
145,7.8 km/litre,Petrol,Yes,530 litres,4663 cc,"Seating Capacity
                5","Cylinders
                6","Gears
                8","Fuel Tank Capacity
                52 litres",Mercedes-Benz S-Class Cabriolet,"Rs. 2,34,91,293",5
146,20.68 km/litre,Diesel,Yes,420 litres,1995 cc,"Seating Capacity
                5","Cylinders
                6","Gears
                5","Fuel Tank Capacity
                52 litres",BMW X1,"Rs. 35,20,000",4
147,19.62 km/litre,Diesel,Yes,480 litres,1995 cc,"Seating Capacity
                5","Cylinders
                6","Gears
                5","Fuel Tank Capacity
                80 litres",BMW 3-Series,"Rs. 41,40,000",4.25
148,18.56 km/litre,Diesel,Yes,550 litres,1995 cc,"Seating Capacity
                5","Cylinders
                8","Gears
                5","Fuel Tank Capacity
                78 litres",BMW X3,"Rs. 59,30,000",2.5
149,18.12 km/litre,Diesel,Yes,520 litres,1995 cc,"Seating Capacity
                5","Cylinders
                3","Gears
                6","Fuel Tank Capacity
                60 litres",BMW 5-Series,"Rs. 59,30,000",4
150,16.4 km/litre,Diesel,Yes,1400 litres,1995 cc,"Seating Capacity
                4","Cylinders
                3","Gears
                7","Fuel Tank Capacity
                68 litres",BMW X4,"Rs. 60,60,000",5
151,16.46 km/litre,Diesel,Yes,N/A,2993 cc,"Seating Capacity
                2","Cylinders
                3","Gears
                7","Fuel Tank Capacity
                28 litres",BMW 6-Series,"Rs. 68,90,000",4
152,7.6 km/litre,Petrol,Yes,281 litres,1998 cc,"Seating Capacity
                5","Cylinders
                4","Gears
                7","Fuel Tank Capacity
                35 litres",BMW Z4 Roadster,"Rs. 64,90,000",4.75
153,13.38 km/litre,Diesel,Yes,650 litres,2993 cc,"Seating Capacity
                4","Cylinders
                8","Gears
                7","Fuel Tank Capacity
                35 litres",BMW X5,"Rs. 73,30,000",3.5
154,9.8-10.0 km/litre,Petrol,Yes,460 litres,2979 cc,"Seating Capacity
                7","Cylinders
                8","Gears
                7","Fuel Tank Capacity
                60 litres",BMW M2 Competition,"Rs. 81,80,000",4.5
155,13.38 km/litre,Petrol,Yes,326 litres,2998 cc,"Seating Capacity
                4","Cylinders
                8","Gears
                7","Fuel Tank Capacity
                86 litres",BMW X7,"Rs. 1,04,90,000",4.25
156,17.66 km/litre,Diesel,Yes,515 litres,2993 cc,"Seating Capacity
                4","Cylinders
                8","Gears
                5","Fuel Tank Capacity
                78 litres",BMW 7-Series,"Rs. 1,22,90,000",4
157,10.75 km/litre,Petrol,Yes,368 litres,2979 cc,"Seating Capacity
                4","Cylinders
                12","Gears
                5","Fuel Tank Capacity
                86 litres",BMW M4,"Rs. 1,35,90,000",4
158,9.8 km/litre,Petrol,Yes,530 litres,4395 cc,"Seating Capacity
                5","Cylinders
                8","Gears
                5","Fuel Tank Capacity
                91 litres",BMW M5,"Rs. 1,54,90,000",4
159,25.17 km/litre,Petrol,No,222 litres,799 cc,"Seating Capacity
                5","Cylinders
                4","Gears
                5","Fuel Tank Capacity
                92 litres",Datsun redi-GO,"Rs. 2,79,650",3.25
160,20.1 km/litre,Petrol,Yes,265 litres,1198 cc,"Seating Capacity
                7","Cylinders
                4","Gears
                5","Fuel Tank Capacity
                92 litres",Datsun GO,"Rs. 3,74,990",4
161,20.6 km/litre,Petrol,Yes,347 litres,1198 cc,"Seating Capacity
                2","Cylinders
                4","Gears
                5","Fuel Tank Capacity
                45 litres",GO+,"Rs. 4,12,292",3
162,10.0 km/litre,Petrol,Yes,N/A,2000 cc,"Seating Capacity
                2","Cylinders
                4","Gears
                5","Fuel Tank Capacity
                45 litres",DC Avanti,"Rs. 34,07,407",3.75
163,9.0 km/litre,Petrol,Yes,230 litres,4497 cc,"Seating Capacity
                2","Cylinders
                4","Gears
                6","Fuel Tank Capacity
                45 litres",Ferrari 458 Speciale,"Rs. 4,25,31,500",4.5
164,5.5 km/litre,Petrol,Yes,230 litres,3902 cc,"Seating Capacity
                2","Cylinders
                4","Gears
                5","Fuel Tank Capacity
                45 litres",Ferrari 488 GTB,"Rs. 3,67,61,413",4.5
165,5.5 km/litre,Petrol,Yes,230 litres,3902 cc,"Seating Capacity
                4","Cylinders
                4","Gears
                5","Fuel Tank Capacity
                45 litres",Ferrari 458 Spider,"Rs. 4,33,67,500",4.5
166,5.5 km/litre,Petrol,Yes,450 litres,3900 cc,"Seating Capacity
                2","Cylinders
                4","Gears
                5","Fuel Tank Capacity
                45 litres",Ferrari GTC4 Lusso,"Rs. 4,20,00,000",4.5
167,14.9 km/litre,Petrol,Yes,N/A,6496 cc,"Seating Capacity
                2","Cylinders
                4","Gears
                8","Fuel Tank Capacity
                63 litres",Ferrari 812 Superfast,"Rs. 5,20,00,000",5
168,9.0 km/litre,Petrol,Yes,240 litres,3855 cc,"Seating Capacity
                5","Cylinders
                4","Gears
                8","Fuel Tank Capacity
                50 litres",Ferrari Portofino,"Rs. 3,50,00,000",4.5
169,15.7 km/litre,Petrol,Yes,500 litres,1368 cc,"Seating Capacity
                5","Cylinders
                4","Gears
                8","Fuel Tank Capacity
                76 litres",Fiat Linea,"Rs. 7,15,860",3.75
170,20.5 km/litre,Diesel,Yes,280 litres,1248 cc,"Seating Capacity
                5","Cylinders
                4","Gears
                8","Fuel Tank Capacity
                74 litres",Fiat Avventura,"Rs. 7,96,132",3.75
171,15.7 km/litre,Petrol,Yes,280 litres,1172 cc,"Seating Capacity
                5","Cylinders
                4","Gears
                9","Fuel Tank Capacity
                82 litres",Fiat Punto Evo,"Rs. 5,35,562",4
172,16.3 km/litre,Petrol,Yes,N/A,1368 cc,"Seating Capacity
                5","Cylinders
                6","Gears
                8","Fuel Tank Capacity
                60 litres",Fiat Abarth Punto,"Rs. 9,80,970",4.25
173,17.1 km/litre,Petrol,Yes,N/A,1368 cc,"Seating Capacity
                5","Cylinders
                4","Gears
                6","Fuel Tank Capacity
                61 litres",Fiat Abarth Avventura,"Rs. 9,89,219",4.25
174,19.5 km/litre,Diesel,No,500 litres,1248 cc,"Seating Capacity
                5","Cylinders
                4","Gears
                8","Fuel Tank Capacity
                93.5 litres",Fiat Linea Classic,"Rs. 7,51,203",4.25
175,20 km/litre,Diesel,Yes,N/A,1248 cc,"Seating Capacity
                5","Cylinders
                6","Gears
                7","Fuel Tank Capacity
                60 litres",Fiat Urban Cross,"Rs. 6,77,618",4.5
176,15.7 km/litre,Petrol,Yes,280 litres,1172 cc,"Seating Capacity
                7","Cylinders
                6","Gears
                7","Fuel Tank Capacity
                60 litres",Fiat Punto Evo,"Rs. 5,35,562",4
177,17. km/litre,Diesel,No,N/A,2596 cc,"Seating Capacity
                9","Cylinders
                4","Gears
                8","Fuel Tank Capacity
                85 litres",Force Gurkha,"Rs. 9,99,000",3.25
178,11.12 km/litre,Diesel,No,N/A,1994 cc,"Seating Capacity
                5","Cylinders
                4","Gears
                9","Fuel Tank Capacity
                60 litres",ICML Extreme,"Rs. 6,42,478",3.25
179,10.3 km/litre,Diesel,Yes,N/A,2499 cc,"Seating Capacity
                7","Cylinders
                4","Gears
                9","Fuel Tank Capacity
                90 litres",Isuzu Dmax V-Cross,"Rs. 16,54,783",3.5
180,13.8 km/litre,Diesel,Yes,N/A,2999 cc,"Seating Capacity
                5","Cylinders
                4","Gears
                8","Fuel Tank Capacity
                90 litres",Isuzu MU-X,"Rs. 27,34,834",4.5
181,13.12 km/litre,Petrol,Yes,505 litres,1999 cc,"Seating Capacity
                5","Cylinders
                12","Gears
                9","Fuel Tank Capacity
                75 litres",Jaguar XF,"Rs. 54,36,329",4
182,N/A,Petrol,N/A,N/A,5000 cc,"Seating Capacity
                5","Cylinders
                10","Gears
                9","Fuel Tank Capacity
                85 litres",Jaguar F-Type,"Rs. 2,36,59,454",4
183,12.9 km/litre,Diesel,Yes,520 litres,2993 cc,"Seating Capacity
                5","Cylinders
                8","Gears
                6","Fuel Tank Capacity
                105 litres",Jaguar XJ,"Rs. 97,38,609",4.5
184,16.38 km/litre,Diesel,Yes,650 litres,1999 cc,"Seating Capacity
                5","Cylinders
                6","Gears
                6","Fuel Tank Capacity
                70 litres",Jaguar F-Pace,"Rs. 64,63,780",4.5
185,11.00 km/litre,Petrol,Yes,455 litres,1997 cc,"Seating Capacity
                5","Cylinders
                4","Gears
                6","Fuel Tank Capacity
                65 litres",Jaguar XE,"Rs. 44,98,000",4.25
186,12.8 km/litre,Diesel,Yes,1025 litres,2987 cc,"Seating Capacity
                5","Cylinders
                4","Gears
                6","Fuel Tank Capacity
                93 litres",Jeep Grand Cherokee,"Rs. 78,82,867",4.75
187,16.3 km/litre,Petrol,Yes,N/A,1368 cc,"Seating Capacity
                5","Cylinders
                8","Gears
                8","Fuel Tank Capacity
                56 litres",Jeep Compass,"Rs. 19,96,000",3.75
188,16.3 km/litre,Diesel,Yes,438 litres,1956 cc,"Seating Capacity
                5","Cylinders
                8","Gears
                6","Fuel Tank Capacity
                82 litres",Jeep Compass Trailhawk,"Rs. 26,80,000",4.25
189,8.4 km/litre,Petrol,Yes,N/A,1999 cc,"Seating Capacity
                7","Cylinders
                4","Gears
                6","Fuel Tank Capacity
                93 litres",Jeep Wrangler,"Rs. 63,94,000",4.5
190,16.8 km/litre,Petrol,Yes,433 litres,1497 cc,"Seating Capacity
                2","Cylinders
                4","Gears
                6","Fuel Tank Capacity
                82 litres",KIA Seltos,"Rs. 9,89,000",4.75
191,N/A,Diesel,Yes,540 litres,2199 cc,"Seating Capacity
                2","Cylinders
                6","Gears
                8","Fuel Tank Capacity
                86 litres",KIA Carnival,"Rs. 24,95,000",4.75
192,5 km/litre,Petrol,N/A,110 litres,6498 cc,"Seating Capacity
                5","Cylinders
                4","Gears
                6","Fuel Tank Capacity
                75 litres",Lamborghini Aventador,"Rs. 4,78,93,943",4.25
193,10.6 km/litre,Petrol,Yes,70 litres,5204 cc,"Seating Capacity
                7","Cylinders
                6","Gears
                6","Fuel Tank Capacity
                70 litres",Lamborghini Huracan,"Rs. 3,71,33,704",4
194,7.8 km/litre,Petrol,Yes,616 litres,3996 cc,"Seating Capacity
                5","Cylinders
                6","Gears
                6","Fuel Tank Capacity
                80 litres",Lamborghini Urus,"Rs. 3,00,00,000",4.5
195,18.0 km/litre,Diesel,Yes,258 litres,2993 cc,"Seating Capacity
                4","Cylinders
                6","Gears
                8","Fuel Tank Capacity
                70 litres",Land Rover Discovery,"Rs. 1,02,05,494",4.5
196,15.7 km/litre,Diesel,Yes,N/A,1999 cc,"Seating Capacity
                7","Cylinders
                8","Gears
                5","Fuel Tank Capacity
                47 litres",Land Rover Range Rover Velar,"Rs. 72,46,802",4.75
197,15.7 km/litre,Petrol,Yes,251 litres,1998 cc,"Seating Capacity
                5","Cylinders
                8","Gears
                5","Fuel Tank Capacity
                44 litres",Land Rover Range Rover Evoque Convertible,"Rs. 69,52,964",4.5
198,9.6 km/litre,Petrol,Yes,N/A,4999 cc,"Seating Capacity
                5","Cylinders
                6","Gears
                6","Fuel Tank Capacity
                44 litres",Land Rover Range Rover,"Rs. 2,60,37,526",4.5
199,N/A,Petrol,Yes,N/A,4999 cc,"Seating Capacity
                7","Cylinders
                6","Gears
                5","Fuel Tank Capacity
                44 litres",Land Rover Range Rover Sport,"Rs. 2,05,17,853",4
200,15.6 km/litre,Diesel,Yes,N/A,1999 cc,"Seating Capacity
                5","Cylinders
                4","Gears
                6","Fuel Tank Capacity
                44 litres",Land Rover Range Rover Evoque,"Rs. 54,94,000",4.5
201,N/A,Diesel,Yes,N/A,1999 cc,"Seating Capacity
                5","Cylinders
                4","Gears
                5","Fuel Tank Capacity
                70 litres",Land Rover Discovery Sport,"Rs. 57,06,000",0
202,18 km/litre,Petrol,Yes,N/A,3456 cc,"Seating Capacity
                7","Cylinders
                4","Gears
                6","Fuel Tank Capacity
                88 litres",Lexus RX 450h,"Rs. 99,00,000",4
203,17.8 km/litre,Hybrid,Yes,N/A,2487 cc,"Seating Capacity
                5","Cylinders
                4","Gears
                5","Fuel Tank Capacity
                60 litres",Lexus ES ,"Rs. 56,95,000",4.5
204,18 km/litre,Diesel,Yes,N/A,4461 cc,"Seating Capacity
                5","Cylinders
                3","Gears
                5","Fuel Tank Capacity
                41 litres",Lexus LX 450d,"Rs. 2,32,90,000",5
205,18.3 km/litre,Petrol,Yes,475 litres,2494 cc,"Seating Capacity
                7","Cylinders
                3","Gears
                7","Fuel Tank Capacity
                74 litres",Lexus NX 300h,"Rs. 60,60,000",4.5
206,15.4 km/litre,Hybrid,Yes,430 litres,3456 cc,"Seating Capacity
                4","Cylinders
                4","Gears
                8","Fuel Tank Capacity
                50 litres",Lexus LS 500h,"Rs. 1,82,21,000",4
207,18 km/litre,Diesel,Yes,N/A,5700 cc,"Seating Capacity
                4","Cylinders
                4","Gears
                8","Fuel Tank Capacity
                50 litres",Lexus LX 570,"Rs. 2,32,90,000",3.75
208,N/A,Hybrid,Yes,133 litres,3456 cc,"Seating Capacity
                4","Cylinders
                4","Gears
                7","Fuel Tank Capacity
                41 litres",Lexus LC 500h,"Rs. 1,96,00,000",4.5
209,10.0 km/litre,Petrol,Yes,261 litres,4691 cc,"Seating Capacity
                5","Cylinders
                4","Gears
                8","Fuel Tank Capacity
                41 litres",Maserati GranTurismo,"Rs. 1,72,29,579",4.25
210,9.8 km/litre,Petrol,Yes,173 litres,4691 cc,"Seating Capacity
                4","Cylinders
                4","Gears
                5","Fuel Tank Capacity
                90 litres",Maserati GranCabrio,"Rs. 1,98,65,675",4.25
211,N/A,Diesel,N/A,500 litres,2987 cc,"Seating Capacity
                4","Cylinders
                6","Gears
                8","Fuel Tank Capacity
                64 litres",Maserati Ghibli,"Rs. 1,33,87,856",4
212,7.9 km/litre,Diesel,Yes,580 litres,2987 cc,"Seating Capacity
                5","Cylinders
                4","Gears
                8","Fuel Tank Capacity
                54 litres",Maserati Levante,"Rs. 1,45,12,054",4.25
213,7.9 km/litre,Diesel,Yes,530 litres,2987 cc,"Seating Capacity
                5","Cylinders
                4","Gears
                8","Fuel Tank Capacity
                75 litres",Maserati Quattroporte,"Rs. 1,79,00,000",5
214,N/A,Petrol,N/A,N/A,1500 cc,"Seating Capacity
                5","Cylinders
                3","Gears
                8","Fuel Tank Capacity
                65 litres",MG Hector,"Rs. 12,48,000",3.5
215,13.8 km/litre,Petrol,Yes,360 litres,1998 cc,"Seating Capacity
                4","Cylinders
                3","Gears
                8","Fuel Tank Capacity
                75 litres",Mini Clubman,"Rs. 41,20,000",4.75
216,14.41 km/litre,Petrol,Yes,350 litres,1998 cc,"Seating Capacity
                4","Cylinders
                8","Gears
                8","Fuel Tank Capacity
                46 litres",Mini Countryman,"Rs. 34,90,000",4
217,14.59 km/litre,Petrol,Yes,215 litres,1998 cc,"Seating Capacity
                5","Cylinders
                6","Gears
                8","Fuel Tank Capacity
                100 litres",Mini Convertible,"Rs. 38,30,000",4.25
218,21.15 km/litre,Diesel,Yes,211 litres,1496 cc,"Seating Capacity
                2","Cylinders
                4","Gears
                5","Fuel Tank Capacity
                100 litres",Mini Cooper 3 Door,"Rs. 29,90,000",3.75
219,21.15 km/litre,Petrol,N/A,278 litres,1496 cc,"Seating Capacity
                7","Cylinders
                6","Gears
                6","Fuel Tank Capacity
                100 litres",Mini Cooper 5 Door,"Rs. 36,00,000",4
220,16.47 km/litre,Petrol,Yes,455 litres,1998 cc,"Seating Capacity
                7","Cylinders
                6","Gears
                6","Fuel Tank Capacity
                82.5 litres",Mini John Cooper Works,"Rs. 43,50,000",3.75
221,10.77 km/litre,Diesel,Yes,N/A,2477 cc,"Seating Capacity
                7","Cylinders
                6","Gears
                6","Fuel Tank Capacity
                83 litres",Mitsubishi Pajero Sport,"Rs. 29,03,750",4
222,11.56 km/litre,Diesel,Yes,1050 litres,3200 cc,"Seating Capacity
                5","Cylinders
                4","Gears
                7","Fuel Tank Capacity
                80 litres",Mitsubishi Montero,"Rs. 68,62,560",4.75
223,9.62 km/litre,Petrol,Yes,N/A,2360 cc,"Seating Capacity
                4","Cylinders
                12","Gears
                7","Fuel Tank Capacity
                55 litres",Mitsubishi Outlander,"Rs. 26,93,000",4
224,16.95 km/litre,Petrol,Yes,490 litres,1498 cc,"Seating Capacity
                5","Cylinders
                12","Gears
                7","Fuel Tank Capacity
                50 litres",Nissan Sunny,"Rs. 7,07,025",3.5
225,9 km/litre,Petrol,Yes,249 litres,3799 cc,"Seating Capacity
                5","Cylinders
                12","Gears
                8","Fuel Tank Capacity
                66 litres",Nissan GTR,"Rs. 2,12,40,272",4.75
226,20.45 km/litre,Diesel,Yes,475 litres,1461 cc,"Seating Capacity
                5","Cylinders
                12","Gears
                8","Fuel Tank Capacity
                66 litres",Nissan Terrano,"Rs. 9,99,900",3.75
227,14.23 km/litre,Petrol,Yes,400 litres,1498 cc,"Seating Capacity
                5","Cylinders
                12","Gears
                6","Fuel Tank Capacity
                66 litres",Nissan Kicks,"Rs. 9,55,000",4.25
228,19.34 km/litre,Petrol,Yes,251 litres,1198 cc,"Seating Capacity
                4","Cylinders
                12","Gears
                8","Fuel Tank Capacity
                55 litres",Nissan Micra,"Rs. 6,62,880",3
229,18.97 km/litre,Petrol,Yes,251 litres,1198 cc,"Seating Capacity
                4","Cylinders
                12","Gears
                6","Fuel Tank Capacity
                63 litres",Nissan Micra Active,"Rs. 5,25,021",4.5
230,10.63 km/litre,Petrol,Yes,N/A,3996 cc,"Seating Capacity
                2","Cylinders
                4","Gears
                6","Fuel Tank Capacity
                67 litres",Porsche Panamera,"Rs. 2,12,63,000",4
231,8.9 km/litre,Petrol,Yes,132 litres,2981 cc,"Seating Capacity
                5","Cylinders
                4","Gears
                8","Fuel Tank Capacity
                68 litres",Porsche 911,"Rs. 1,74,20,000",4
232,7.4 km/litre,Petrol,Yes,N/A,1988 cc,"Seating Capacity
                5","Cylinders
                4","Gears
                6","Fuel Tank Capacity
                60 litres",Porsche 718,"Rs. 89,95,000",4.5
233,3.4 km/litre,Hybrid,Yes,645 litres,2995 cc,"Seating Capacity
                5","Cylinders
                4",NaN,"Fuel Tank Capacity
                60 litres",Porsche Cayenne,"Rs. 1,58,06,000",5
234,N/A,Petrol,Yes,500 litres,2995 cc,"Seating Capacity
                5","Cylinders
                4",NaN,"Fuel Tank Capacity
                67 litres",Porsche Macan,"Rs. 85,03,000",4.75
235,11.6 km/litre,Petrol,Yes,625 litres,2995 cc,"Seating Capacity
                4","Cylinders
                4",NaN,"Fuel Tank Capacity
                60 litres",Porsche Cayenne Coupe,"Rs. 1,31,51,000",4.5
236,16 km/litre,Petrol,Yes,454 litres,1173 cc,"Seating Capacity
                4","Cylinders
                4",NaN,"Fuel Tank Capacity
                70 litres",Premier Rio,"Rs. 5,06,000",3.75
237,23.0 km/litre,Petrol,Yes,460 litres,6749 cc,"Seating Capacity
                5","Cylinders
                4",NaN,NaN,Rolls-Royce Phantom,"Rs. 9,50,00,000",4.25
238,22.8 km/litre,Petrol,Yes,395 litres,6749 cc,"Seating Capacity
                4","Cylinders
                4",NaN,NaN,Rolls-Royce Phantom Coupe,"Rs. 7,73,12,661",4.25
239,9.8 km/litre,Petrol,Yes,460 litres,6749 cc,"Seating Capacity
                4","Cylinders
                5",NaN,NaN,Rolls-Royce Drophead Coupe,"Rs. 8,37,55,383",4.25
240,17.3 km/litre,Petrol,Yes,490 litres,6593 cc,"Seating Capacity
                5","Cylinders
                4",NaN,NaN,Rolls-Royce Ghost Series II,"Rs. 4,67,09,733",3.75
241,10.2 km/litre,Petrol,Yes,470 litres,6592 cc,"Seating Capacity
                5","Cylinders
                5",NaN,NaN,Rolls-Royce Wraith,"Rs. 5,00,25,840",4.25
242,7.9 km/litre,Petrol,Yes,460 litres,6598 cc,"Seating Capacity
                5","Cylinders
                5",NaN,NaN,Rolls-Royce Dawn,"Rs. 5,92,16,193",4.5
243,22.4-21.9 km/litre,Petrol,N/A,N/A,6750 cc,"Seating Capacity
                5","Cylinders
                5",NaN,NaN,Rolls-Royce Cullinan,"Rs. 6,95,00,000",4.5
244,15.41 km/litre,Petrol,Yes,460 litres,1598 cc,"Seating Capacity
                5","Cylinders
                4",NaN,NaN,Skoda Rapid,"Rs. 9,98,599",3.75
245,16.7 km/litre,Petrol,Yes,590 litres,1395 cc,"Seating Capacity
                5","Cylinders
                5",NaN,NaN,Skoda Octavia,"Rs. 15,99,599",3.75
246,14.12 km/litre,Petrol,Yes,625 litres,1798 cc,"Seating Capacity
                5",NaN,NaN,NaN,Skoda Superb,"Rs. 25,99,599",3.5
247,18.19 km/litre,Diesel,Yes,625 litres,1968 cc,"Seating Capacity
                7",NaN,NaN,NaN,Skoda Kodiaq,"Rs. 32,99,599",4.5
248,13.7 km/litre,Petrol,Yes,625 litres,1798 cc,"Seating Capacity
                5",NaN,NaN,NaN,Skoda Superb Sportline,"Rs. 28,99,599",4
249,21.72 km/litre,Diesel,Yes,460 litres,1498 cc,"Seating Capacity
                7",NaN,NaN,NaN,Skoda Monte Carlo,"Rs. 14,25,599",4
250,16.25 km/litre,Diesel,Yes,270 litres,1968 cc,"Seating Capacity
                5",NaN,NaN,NaN,Skoda Kodiaq Scout,"Rs. 33,99,000",5
251,N/A,Petrol,Yes,380 litres,1969 cc,"Seating Capacity
                5",NaN,NaN,NaN,Volvo S60,"Rs. 56,02,000",4
252,17.2 km/litre,Diesel,Yes,530 litres,1969 cc,"Seating Capacity
                5",NaN,NaN,NaN,Volvo XC90,"Rs. 87,90,000",4
253,16.8 km/litre,Diesel,Yes,324 litres,1984 cc,"Seating Capacity
                5",NaN,NaN,NaN,Volvo V40 Cross Country,"Rs. 32,83,000",4
254,N/A,Diesel,Yes,N/A,1969 cc,"Seating Capacity
                4",NaN,NaN,NaN,Volvo S90,"Rs. 58,90,000",5
255,N/A,Diesel,Yes,N/A,1969 cc,"Seating Capacity
                5",NaN,NaN,NaN,Volvo XC40,"Rs. 39,90,000",3.75
256,16.81 km/litre,Diesel,Yes,324 litres,1984 cc,"Seating Capacity
                5",NaN,NaN,NaN,Volvo V40,"Rs. 27,69,000",3.5
257,19.6 km/litre,Diesel,Yes,380 litres,2400 cc,NaN,NaN,NaN,NaN,Volvo S60 Cross Country,"Rs. 44,26,500",4.25
258,17.2 km/litre,Diesel,Yes,530 litres,1969 cc,NaN,NaN,NaN,NaN,Volvo V90 Cross Country,"Rs. 65,31,000",4
259,18.8 km/litre,Diesel,Yes,495 litres,1969 cc,NaN,NaN,NaN,NaN,Volvo XC60,"Rs. 59,90,000",4
